All sky irradiance,Clear sky irradiance,ALLSKY ICI,ALLSKY_SFC_PAR_TOT,ALLSKY_SFC_UV_INDEX,CLRSKY_SFC_PAR_TOT
3.58,3.68,0.7,63.57,0.55,66.2
3.2,3.6,0.62,57.87,0.53,65.5
2.52,3.46,0.49,47.44,0.5,64.25
2.93,3.48,0.57,55.34,0.49,65.82
0.78,3.42,0.15,16.23,0.21,64.96
2.17,3.5,0.41,41.66,0.44,65.43
2.26,3.68,0.43,42.86,0.43,68.17
3.26,3.73,0.62,59.17,0.48,68.44
2.89,3.58,0.55,53.73,0.49,66.09
2.13,3.39,0.41,40.72,0.4,62.63
3.08,3.76,0.58,56.35,0.48,68.21
3.95,3.93,0.74,69.11,0.52,69.53
2.92,3.76,0.54,53.56,0.49,68.39
3.25,3.83,0.6,59.41,0.59,70.02
2.12,3.68,0.39,40.37,0.45,69.18
3.2,3.68,0.59,60.1,0.56,69.16
3.27,3.74,0.59,60.68,0.6,69.2
2.23,3.82,0.4,43.11,0.51,71.84
2.72,3.87,0.48,51.84,0.57,72.69
3.21,4.01,0.57,59.95,0.64,74.32
3.38,4.04,0.59,60.84,0.64,72.64
3.04,4.04,0.53,56.17,0.65,73.69
2.11,3.9,0.37,41.01,0.53,72.7
4.11,4.14,0.71,74.34,0.68,75.78
4.18,4.22,0.72,75.23,0.67,76.65
4.24,4.36,0.72,74.97,-999,78.02
2.49,4.31,0.42,46.43,0.49,76.53
4.36,4.35,0.73,76.6,0.68,77.38
4.2,4.24,0.7,78.07,0.81,79.71
2.35,4.3,0.39,45.77,0.62,80.1
2.07,4.12,0.34,40.78,0.55,77.29
4.28,4.55,0.7,76.99,0.77,82.43
4.53,4.51,0.73,81.41,0.73,82.11
4.55,4.53,0.73,82.19,0.71,82.74
4.65,4.65,0.73,82.2,0.74,83.18
4.73,4.71,0.74,84.35,0.77,85
4.83,4.81,0.76,84.88,0.82,85.45
4.89,4.88,0.76,86.32,0.87,86.96
4.95,4.96,0.76,86.76,-999,87.85
5.02,5,0.77,88.11,0.96,88.66
4.89,5.04,0.74,85.15,0.93,88.21
4.99,5.01,0.75,87.45,-999,88.72
4.94,4.94,0.73,87.69,1.01,88.61
4.31,4.97,0.63,76.51,0.98,88.18
4.49,5.04,0.66,80.36,1.01,89.71
5.13,5.11,0.74,92.14,1.03,92.73
5.31,5.29,0.77,94.09,1.18,94.62
4.41,5.16,0.63,80.85,1.13,94.46
3.69,5.01,0.52,70.43,1.01,94.69
5.22,5.31,0.73,94.14,1.11,96.69
5.23,5.29,0.73,93.91,-999,95.95
5.28,5.35,0.73,94.73,1.12,96.76
5.33,5.44,0.73,95.31,1.24,98.06
4.62,5.52,0.62,83.45,1.16,98.62
5.61,5.61,0.76,98.99,1.18,99.79
5.62,5.62,0.75,99.2,1.15,99.98
5.14,5.56,0.68,91.93,1.19,99.41
5.19,5.57,0.68,94.43,1.2,101.35
4.03,5.54,0.52,75.16,0.96,100.93
4.52,5.61,0.59,83.04,1.12,101.95
3.77,5.63,0.48,70.67,1.08,102.12
5.43,5.88,0.7,98.03,1.41,105.89
4.7,5.84,0.59,85.7,1.27,104.16
4.03,5.8,0.51,75.85,1.16,106.34
3.75,5.54,0.47,73.26,1.18,104.98
4.82,5.91,0.59,89.77,1.35,109.52
3.44,5.88,0.42,66.47,0.98,108.53
6.13,6.15,0.75,110.84,1.15,111.89
5.84,6.01,0.71,108,1.32,111.52
4.61,6.12,0.55,86.29,1.33,112.29
4.27,5.97,0.51,80.98,1.27,110.14
5.6,6.17,0.66,102.34,1.27,112.65
5.49,6.07,0.65,102.2,1.38,112.62
4.08,6.11,0.48,78.84,1.19,115.23
6.34,6.41,0.73,115.44,1.58,117.4
6.25,6.38,0.73,114.54,1.58,117.36
5.88,6.48,0.67,108.51,1.71,118.88
5.97,6.53,0.68,109.95,1.75,119.39
4.37,6.57,0.49,83.34,1.41,120.36
5.07,6.55,0.57,94.95,1.53,120.03
4.63,6.61,0.52,88.43,1.45,121.98
6.51,6.81,0.73,119.29,1.73,124.92
6.91,6.92,0.77,124.87,1.68,125.63
6.94,6.96,0.77,123.93,1.66,124.76
6.38,6.77,0.7,116.64,1.61,123.62
6.35,6.83,0.69,117.09,1.62,125.41
4.45,6.82,0.48,86.23,1.33,125.95
4.12,6.86,0.45,79.76,1.26,126.08
6.17,7.12,0.66,113.48,1.5,129.84
6.21,6.92,0.66,114.23,1.47,126.38
7.07,7.13,0.75,128.95,1.74,130.27
5.53,7.02,0.58,103.75,1.52,129.58
7.06,7.2,0.74,129.53,1.74,132.35
6.05,7.24,0.63,112.4,1.65,132.37
7.02,7.29,0.73,128.17,1.9,132.79
5.7,7.23,0.59,105.23,1.64,129.94
4.84,7.08,0.49,91.91,1.48,129.46
1.84,6.71,0.19,40.12,0.72,127.41
3.77,6.85,0.38,74.36,1.23,127.51
3.34,7.16,0.34,67.62,1.11,134.38
6.65,7.21,0.67,124.58,1.7,134.7
5.78,7.12,0.58,110.45,1.61,133.08
6.64,7.38,0.66,124.72,1.78,137.25
5.92,7.47,0.59,111.84,1.78,138.73
7.12,7.48,0.7,131.43,1.93,137.43
7.52,7.77,0.74,136.91,1.97,141.12
7.99,8.01,0.78,143.62,2.12,144.1
8.01,8.03,0.78,143.23,2.19,143.61
7.89,7.92,0.77,142.4,2.09,143.03
7.72,7.92,0.75,140.09,2,143.3
7.9,8,0.77,141.62,2.07,143.41
7.46,7.9,0.72,135.61,2.05,142.62
7.03,7.87,0.67,131.41,2.09,145.55
7.81,7.96,0.74,143.44,2.17,145.89
6.07,7.72,0.58,113.59,1.72,140.76
6.44,8.08,0.61,119.16,1.8,145.75
7.66,7.89,0.73,139.74,1.82,143.33
6.75,7.73,0.63,126.56,1.87,142.62
6.07,7.77,0.57,113.98,1.62,142.46
5.5,7.81,0.52,104.83,1.53,144.02
5.62,7.75,0.52,105.86,1.6,141.57
6.16,7.85,0.57,117.13,1.7,145.67
7.62,7.94,0.71,141.9,2.12,146.98
6.38,7.99,0.59,121.77,2.01,148.22
5.8,8.06,0.53,110.73,1.9,148.87
4.81,7.87,0.45,94.11,1.59,146.29
6.15,7.95,0.56,118.31,1.67,148.4
6.76,7.87,0.62,127.43,1.71,145.84
7.52,7.89,0.69,140.23,1.88,146.19
7.02,7.95,0.64,133.38,2.02,148.86
4.95,8.06,0.45,97.35,1.73,149.95
4.63,8.27,0.42,90.76,1.73,152.26
4.14,8.27,0.38,82.49,1.59,152.04
5.54,8.31,0.5,107.92,2.02,153.7
3.38,8.33,0.3,68.95,1.35,154.02
4.2,8.05,0.38,84.44,1.48,149.41
5.54,8.18,0.5,107.52,1.8,151.87
5.17,8.04,0.46,100.36,1.63,148.63
4.24,8.2,0.38,84.95,1.48,152.59
4.17,8.31,0.38,84.35,1.52,154.77
7.08,8.53,0.63,134.29,2.23,157.6
8.18,8.53,0.73,151.56,2.37,156.73
8.26,8.52,0.73,152.91,2.34,156.69
6.84,8.27,0.61,129.48,2.05,152.27
7.14,8.4,0.63,135.13,2.13,155.57
7.62,8.17,0.67,141.95,1.99,149.93
5.41,8.23,0.48,105.6,1.61,153.03
5.83,8.41,0.52,113.82,1.95,156.62
3.97,8.41,0.35,80.48,-999,157.77
5.77,8.29,0.51,112.66,1.75,154.63
5.2,8.18,0.46,102.29,1.63,151.45
3.13,8.16,0.27,65.11,-999,152.85
3.13,8.27,0.27,65.07,1.21,153.57
5.29,8.5,0.46,104.16,1.84,157.94
5.98,8.68,0.52,115.06,2.07,159.21
5.47,8.62,0.48,107.02,1.95,158.61
4.82,8.57,0.42,94.83,1.91,158.67
5.17,8.44,0.45,101.91,2.02,156.73
3.79,8.4,0.33,76.96,1.6,156.95
3.7,8.38,0.32,75.95,1.56,157.49
3.66,8.44,0.32,73.56,1.51,157.78
4.92,8.41,0.43,97.45,1.84,157.5
4.68,8.29,0.41,93.83,1.7,154.45
6.96,8.58,0.61,133.55,2.19,159.77
6.78,8.53,0.59,129.64,2.06,157.91
4.54,8.56,0.4,91.8,1.75,160.05
7.7,8.69,0.67,146.01,2.52,161.16
8.49,8.65,0.74,160.08,2.81,161.88
8.62,8.75,0.75,160.73,2.92,162.06
5.8,8.53,0.51,113.52,2.23,160.11
8.32,8.58,0.73,158.13,2.93,161.56
8.36,8.49,0.73,157.54,2.91,158.77
4.58,8.1,0.4,91.69,1.79,151.47
5.21,8.32,0.45,103.82,2.12,157.47
5.35,8.42,0.47,106.61,2.09,157.9
4.61,8.53,0.4,93.49,1.98,160.08
5.35,8.54,0.47,105.48,2.12,157.83
5.49,8.36,0.48,109.5,2.16,157.48
5.56,8.22,0.48,109.41,2.15,154.3
5.73,8.41,0.5,112.98,2.23,156.63
6.9,8.33,0.6,133.07,2.64,155.62
4.38,8.42,0.38,89.12,1.91,157.57
4.86,8.58,0.42,95.65,1.88,157.72
7.28,8.67,0.64,137.7,2.65,159.51
5.7,8.59,0.5,111.73,2.27,159.93
7.8,8.66,0.69,147.08,2.92,160.59
7.79,8.61,0.69,147.16,2.88,159.77
7.06,8.49,0.62,135.73,2.68,159
6.11,8.52,0.54,119.55,2.43,159.79
6.65,8.54,0.59,128.15,2.55,159.59
6.82,8.46,0.6,131.27,2.64,158.79
7.54,8.45,0.66,144.84,2.94,159.48
6.69,8.42,0.59,130.43,2.69,158.6
6.26,8.46,0.55,122.59,2.51,159.32
6.73,8.46,0.59,128.97,2.58,157.84
6.48,8.49,0.58,124.79,2.5,158.35
6.66,8.39,0.59,128.85,2.5,157.8
5.91,8.27,0.52,115.89,2.27,156.75
6.68,8.23,0.59,130.67,2.55,156.62
7.65,8.23,0.68,147.11,2.84,156.61
7.69,8.29,0.69,147.13,2.86,156.76
7.32,8.19,0.66,141.52,2.71,156.1
7.98,8.22,0.72,152.3,-999,156.09
8.05,8.29,0.73,152.81,2.95,156.38
7.08,8.22,0.64,134.96,2.56,154.45
6.92,8.03,0.62,134.49,2.59,152.87
5.56,7.78,0.5,110.88,2.19,150.35
7.1,7.83,0.64,139.73,2.68,152.48
7.13,7.87,0.65,139,2.62,151.84
7.49,7.81,0.68,145.2,2.65,150.32
6.13,7.63,0.56,121.26,2.26,146.24
5.91,7.45,0.54,117.18,2.26,144.35
6.74,7.6,0.62,132.48,2.54,146.84
7.15,7.72,0.66,139.14,2.51,148.66
7.17,7.69,0.66,138.12,2.39,146.44
6.78,7.69,0.62,131.55,2.38,146.66
6.24,7.87,0.58,121.41,2.33,148.8
5.25,7.94,0.48,103.33,2.04,148.88
6.19,8.11,0.58,119.23,2.35,151.04
4.76,8.08,0.45,93.59,1.95,149.97
3.88,8.06,0.36,77.62,1.62,149.2
6.46,8.09,0.61,120.95,2.21,148.47
7.42,8.04,0.7,137.97,2.45,148.13
6.18,7.9,0.59,119.23,2.15,147.92
6.15,7.57,0.59,121.12,2.23,146.05
7.3,7.6,0.7,141.02,2.52,146.22
7.05,7.55,0.67,135.96,2.41,144.58
7.53,7.67,0.72,143.62,2.53,146.19
7.53,7.81,0.73,141.7,2.48,146.24
7.48,7.74,0.72,140.87,2.45,145.13
7.31,7.71,0.71,137.73,2.46,144.23
7.32,7.6,0.71,139.07,2.4,143.7
6.47,7.47,0.63,125.01,2.17,141.91
7.01,7.45,0.69,132.73,2.23,140.08
7.2,7.59,0.71,133.76,2.23,139.91
6.51,7.44,0.64,121.46,2.06,136.59
6.39,7.02,0.63,121.06,2.04,131.28
5.75,7.17,0.57,108.58,1.89,131.88
5.34,7.33,0.53,102.22,1.9,135.05
4.32,7.25,0.43,84.77,1.59,135.37
5.14,7.06,0.52,99.95,1.77,133.39
5.88,7.08,0.59,113.3,2,133.4
6.11,7.07,0.62,116.84,2.07,133.29
5.7,7.12,0.59,110.44,2.04,134.94
4.3,7.2,0.44,85.49,1.7,135.34
4.95,7.35,0.51,95.42,1.81,136.05
5.32,7.26,0.55,100.98,1.9,133.87
6.12,7.11,0.64,114.86,2.03,131.6
5.42,7.07,0.57,103.24,1.84,131.31
6.55,7.09,0.69,121.1,-999,130.53
4.35,7.12,0.46,84.29,1.59,131.59
5.63,6.95,0.59,106.91,1.93,130
6.47,6.88,0.69,121.6,2.17,128.98
5.67,6.85,0.61,108.84,1.95,129.26
5.73,6.87,0.62,109.06,1.97,128.48
3.04,6.83,0.33,61.68,1.24,127.88
3.83,6.7,0.42,75.3,1.36,125.95
6.67,6.85,0.73,122.58,1.95,126.16
6.8,6.83,0.75,123.88,1.95,125.09
6.62,6.78,0.73,120.93,1.93,124.26
5.96,6.61,0.66,110.23,1.76,121.71
3.75,6.44,0.42,74.56,1.34,121.48
2.31,6.23,0.26,47.68,0.9,119.95
1.58,5.93,0.18,34.75,0.71,115.95
3.83,5.85,0.44,77.8,1.41,114.59
6.01,6.52,0.7,111.23,1.88,120.52
6.36,6.43,0.73,117.61,1.78,119.58
6.42,6.41,0.75,117.01,1.74,117.55
6.45,6.44,0.76,117.79,1.77,118.38
5.35,6.12,0.63,100.84,-999,114.41
5.37,5.92,0.64,102.13,1.59,112.49
5.88,5.92,0.7,111.37,1.62,112.71
5.6,5.91,0.67,106.58,1.53,112.79
5.69,5.86,0.69,108.52,-999,112.11
5.81,5.95,0.71,109.65,1.65,112.8
5.73,6.09,0.7,105.75,1.68,112.22
5.68,5.92,0.7,105.47,1.59,110.18
5.1,5.84,0.63,96.41,1.48,109.68
5.05,5.85,0.63,94.59,1.47,108.43
5.76,5.82,0.73,105.08,1.42,106.74
5.1,5.73,0.65,93.16,1.28,103.88
5.69,5.69,0.73,104.02,1.37,104.78
5.58,5.62,0.72,102.77,1.45,104.22
5.45,5.52,0.71,101.2,1.41,103.2
3.17,5.53,0.41,62.17,1.04,103.59
3.4,5.5,0.45,65.88,1.09,102.48
4.98,5.44,0.66,92.55,1.34,100.84
4.37,5.42,0.59,82.49,1.31,100.82
3.87,5.32,0.52,74.62,1.2,100.9
4.19,5.2,0.57,81.2,1.3,99.77
3.81,5.2,0.52,74.23,1.21,99.05
5.22,5.25,0.73,97.09,1.34,98.39
5.18,5.22,0.72,95.39,1.3,97
5.31,5.33,0.75,96.25,1.32,97.33
5.01,5.2,0.71,91.24,-999,95.43
4.97,5.14,0.71,90.87,-999,94.73
2.36,4.57,0.34,47.38,0.82,86.11
1.73,4.64,0.25,35.72,0.62,88.33
4.76,4.82,0.7,89.39,1.16,91.34
4.58,4.81,0.67,85.34,1.2,90.21
2.66,4.47,0.4,52.02,0.88,83.42
2.95,4.56,0.45,58.38,0.98,88.55
4.01,4.49,0.61,77.42,1.07,86.6
2.48,4.5,0.38,49.65,0.87,86.62
3.68,4.67,0.56,69.27,1.14,86.71
4.46,4.6,0.69,83.4,1.16,86.95
4.68,4.68,0.73,85.35,1.09,86.22
4.6,4.58,0.73,84.28,0.98,84.94
4.45,4.49,0.7,80.51,0.94,82.17
4.2,4.43,0.67,76.73,0.93,81.45
4.12,4.45,0.66,75.47,0.95,82
4.14,4.4,0.67,75.45,0.92,80.8
4.22,4.33,0.69,77.26,0.95,80.05
4.35,4.38,0.72,78.07,0.9,79.7
4.45,4.42,0.74,79.55,0.88,80.05
4.38,4.34,0.73,78.76,0.82,79.12
3.4,4.16,0.57,62.62,0.73,76.2
4.11,4.18,0.7,74.65,0.8,76.99
4.16,4.18,0.71,75.09,0.84,76.53
2.96,4.17,0.51,54.47,0.77,75.56
3.07,4.07,0.53,58.24,0.8,76.24
4.17,4.16,0.73,75.62,0.85,76.65
4.16,4.14,0.73,75.59,0.86,76.33
2.73,3.95,0.48,51.01,0.71,72.99
1.87,3.75,0.34,36.38,0.55,70.55
2.83,3.89,0.51,53.41,0.69,73.3
3.92,3.92,0.71,70.89,0.76,71.89
3.93,3.97,0.71,70.62,0.78,72.3
4.07,4.05,0.74,71.14,0.77,71.77
4.04,4.02,0.74,70.2,0.73,70.93
2.68,3.68,0.49,49.7,0.62,67.37
2.97,3.65,0.55,55.34,0.66,68.29
2.53,3.66,0.47,48.18,0.6,69.26
3.87,3.85,0.73,69.12,0.73,69.84
3.91,3.88,0.73,69.41,0.73,70.04
2.76,3.62,0.52,51.48,0.59,67.09
3.79,3.8,0.73,67.81,0.62,69.02
3.82,3.82,0.73,68.04,0.59,69.09
3.76,3.74,0.73,67.48,0.62,68.2
2.54,3.59,0.49,47.74,0.59,66.64
2.06,3.44,0.4,39.06,0.51,63.76
2.67,3.6,0.52,50.12,0.6,67.27
3.55,3.56,0.7,66.3,0.68,67.39
2.4,3.49,0.47,45.73,0.57,65.94
2,3.46,0.39,38.85,0.48,66.5
2.95,3.4,0.58,56.66,0.6,65.68
2.69,3.46,0.53,50.8,0.58,65.5
3.03,3.48,0.6,56.38,0.62,64.73
3.23,3.56,0.64,59.09,0.61,65.55
1.88,3.36,0.38,36.08,0.47,63.08
1.44,3.39,0.29,28.41,0.34,65.08
3.72,3.73,0.74,65.47,0.59,66.59
3.73,3.71,0.74,64.61,0.56,65.29
3.83,3.8,0.76,66.2,0.55,66.8
3.07,3.47,0.61,56.38,0.54,64.13
1.45,3.3,0.29,28.62,0.39,63.03
1.42,3.26,0.28,27.46,0.37,61.41
1.59,3.39,0.31,30.48,0.39,63.24
2.98,3.57,0.59,54.66,0.54,65.53
3.44,3.57,0.68,61.96,0.5,65.29
2.89,3.52,0.57,52.91,0.55,64.2
3.61,3.6,0.71,64.63,0.6,65.55
3.61,3.66,0.71,63.43,0.61,65.08
3.49,3.5,0.69,63.86,0.61,65.15
2.3,3.29,0.45,44.01,0.49,61.65
1.29,3.35,0.25,25.42,0.33,62.43
3.25,3.52,0.63,59.11,0.54,64.55
1.69,3.44,0.33,33.02,0.39,64.08
1.8,3.41,0.35,35.09,0.42,64.11
3.3,3.56,0.64,61.81,0.66,67.23
1.36,3.46,0.26,27.49,0.38,66.26
3.68,3.69,0.7,66.73,0.64,67.86
2.89,3.61,0.55,54.59,0.62,67.83
3.57,3.76,0.68,65.05,0.69,69.08
1.82,3.56,0.34,35.66,0.51,67.96
3.37,3.63,0.63,61.98,0.67,67.41
2.11,3.69,0.39,40.62,0.52,69.66
1.26,3.49,0.23,25.32,0.34,64.87
2.94,3.8,0.55,53.77,0.49,69.31
3.77,3.75,0.7,69,0.55,69.59
2.44,3.65,0.45,45.81,0.52,66.57
3.55,3.78,0.64,64.77,0.67,69.51
4,4.01,0.72,71.66,0.62,72.9
3.13,3.87,0.56,57.68,0.54,70.9
2.91,3.9,0.52,54.52,0.62,71.94
0.9,3.71,0.16,18.74,0.25,69.86
3.78,4.03,0.66,69.35,0.75,74.69
1.59,3.77,0.28,32.03,0.48,71.83
2.21,4.1,0.38,42.43,0.56,76.13
3.43,4.14,0.59,62.91,0.54,75.62
4.31,4.31,0.73,76.94,0.65,77.82
4.31,4.3,0.73,76.55,0.74,77.32
4.51,4.52,0.76,79.51,0.8,80.62
4.39,4.5,0.73,77.78,-999,80.59
4.51,4.49,0.75,80.67,0.77,81.2
4.42,4.52,0.73,78.59,-999,81.32
4.38,4.57,0.71,77.35,0.89,81.48
4.55,4.69,0.73,79.99,0.94,83.13
3.94,4.42,0.63,73.27,0.91,82.05
2.75,4.41,0.44,53.06,0.74,83.7
4.29,4.59,0.68,78.78,1.02,84.82
2.08,4.41,0.33,40.51,0.63,80.39
1.77,4.28,0.27,35.44,0.59,81.14
3.14,4.55,0.48,59.77,0.9,85.97
3,4.55,0.46,58.38,0.91,87.02
3.28,4.62,0.5,63.12,0.95,86.82
2.51,4.66,0.38,48.73,0.8,86.59
3.4,4.81,0.51,64.62,0.97,89.52
4.87,4.91,0.72,88.39,0.92,90.09
4.7,4.92,0.69,85.95,0.87,90.35
3.71,4.88,0.54,69.74,0.81,90.22
4.41,5.1,0.63,80.57,0.91,92.93
4.01,5.03,0.58,75.5,0.95,93.32
1.44,4.89,0.2,30.12,0.46,92.65
3.66,5.02,0.52,69.34,0.83,94.24
3.57,4.99,0.5,67.53,0.82,92.9
4.78,5.03,0.66,90.28,1.23,95.39
4.76,5.25,0.66,88.95,1.29,98.41
4.47,5.38,0.61,82.16,1.23,98.42
5.54,5.65,0.75,98.91,1.31,101.64
5.61,5.63,0.75,99.95,1.34,101.25
5.37,5.55,0.71,97.02,1.37,100.73
3.18,5.36,0.42,61.34,-999,99.3
0.78,5.02,0.1,17.01,0.27,94.48
5.48,5.71,0.71,98.88,1.23,103.62
5.77,5.76,0.74,103.27,1.22,103.93
5.95,5.99,0.77,105.55,1.23,106.87
5.93,6.02,0.75,104.62,1.27,106.71
4.13,5.51,0.52,75.21,1.02,97.04
4.42,5.78,0.55,83.17,1.29,106.88
6.17,6.17,0.77,111.12,1.49,111.84
6.08,6.09,0.75,110.18,1.54,111.05
6.11,6.13,0.75,110.5,1.59,111.62
6.23,6.24,0.76,111.74,1.59,112.7
5.72,6.22,0.69,103.17,1.57,111.6
4.84,6.22,0.58,89.68,1.58,112.17
3.97,6.2,0.48,75.73,1.32,113.21
3.71,6.33,0.44,71.31,1.23,115.41
5.41,6.36,0.63,100.63,1.59,116.84
4.85,6.27,0.56,91.24,1.47,116.11
5.32,6.4,0.62,98.7,1.57,117.43
3.83,6.42,0.44,73.2,1.23,117.13
5.4,6.5,0.62,100.34,1.51,119.4
4.57,6.5,0.52,87.55,1.41,120.2
5.26,6.57,0.59,98.46,1.66,121.05
5.23,6.34,0.59,101.34,1.8,120.93
4.95,6.56,0.55,93.84,1.53,121.57
6.55,6.79,0.73,119.23,1.69,123.57
6.69,6.74,0.73,123.09,1.79,124.45
5.07,6.7,0.55,96.88,1.63,124.91
5.18,6.55,0.56,98.62,1.59,122.29
5.71,6.89,0.62,106.76,1.82,126.92
6.93,7.02,0.74,126.79,1.78,128.62
7.14,7.17,0.77,128.87,1.84,129.8
5.26,7.05,0.56,98.65,1.52,129.74
7.16,7.24,0.76,129.64,1.73,131.37
7.15,7.16,0.75,130.55,1.67,131.27
7.09,7.14,0.74,129.82,1.82,131.17
4.12,7.17,0.43,80.57,1.4,132.32
6.49,7.23,0.67,120,1.77,132.64
7,7.28,0.72,129.19,1.86,134.34
6.06,7.29,0.62,111.67,1.73,132.04
6.66,7.29,0.68,121.79,1.83,132.1
6.2,7.3,0.63,115.9,1.88,135.25
6.79,7.42,0.69,123.5,1.75,133.99
7.29,7.52,0.73,131.7,1.88,135.52
7.09,7.35,0.71,130.24,2.02,134.47
7.38,7.52,0.73,136.16,2.09,138.82
6.93,7.46,0.69,129.2,2.07,138.59
7.43,7.65,0.73,135.12,2.12,138.66
7.66,7.72,0.76,137.62,2.27,138.78
7.21,7.77,0.71,131.29,2.27,140.33
6.89,7.47,0.67,131.47,2.23,141.03
5.91,7.45,0.58,114.59,2.13,141.04
6.83,7.82,0.66,126.34,2.33,142.57
7.74,7.9,0.75,141.23,2.39,143.91
7.84,7.92,0.76,142.62,2.37,144.13
7.52,7.95,0.72,135.89,2.26,142.67
6.53,7.88,0.62,121.98,2.13,144.64
5.69,7.67,0.54,110.24,1.85,144.09
6.46,7.74,0.61,123.04,2.12,144.44
7.61,7.72,0.72,144,2.38,145.98
5.36,7.9,0.51,103.17,1.87,147.18
7.79,8.11,0.73,143.31,2.26,148.34
8.33,8.38,0.78,149.8,2.27,150.42
8.24,8.31,0.77,148.42,2.32,149.45
8.22,8.3,0.77,148.86,2.42,149.98
7.62,8.2,0.71,140.28,2.38,149.49
7.62,8.04,0.7,142.41,2.34,149.06
6.24,7.95,0.58,120,2.13,148.47
2.89,7.93,0.27,59.27,1.13,146.45
3.89,7.88,0.36,76.88,1.34,145.3
3.02,7.64,0.27,61.43,0.95,139.93
7.79,8.12,0.71,144.62,1.95,149.85
4.21,7.71,0.38,83.45,1.32,142.8
5.35,7.91,0.48,104.6,1.71,148.2
7.53,8.13,0.68,141.64,2.32,151.38
4.56,8.24,0.41,89.8,1.72,152.66
8.22,8.5,0.74,151.58,2.49,155.88
6.32,8.47,0.57,119.48,2.16,155.17
5.65,8.19,0.51,106.35,1.84,148.95
5.87,8.19,0.52,112.45,1.73,151.14
5.75,8.17,0.52,112.76,1.84,153.66
8.21,8.44,0.73,151.21,2.28,154.58
8.52,8.63,0.76,155.02,2.41,156.26
8.57,8.69,0.77,155.39,2.43,156.79
7.38,8.47,0.66,138.7,2.24,155.97
6.29,8.51,0.56,119.67,1.95,156.02
5.91,8.59,0.52,112.39,1.84,156.89
6.34,8.48,0.56,119.95,2.07,154.79
4.19,8.49,0.37,84.15,1.55,156.8
6.19,8.48,0.55,120.7,2.04,158.59
7.32,8.59,0.65,138.05,2.27,158.44
6.47,8.61,0.57,123.68,2.1,157.81
3.25,8.37,0.29,65.88,1.19,153.7
3.91,8.34,0.34,79.61,1.46,154.86
3.04,8.14,0.27,63.32,1.16,151.17
4.71,8.25,0.41,94.65,-999,155.44
4.6,8.41,0.41,91.89,1.67,156.13
3.99,8.47,0.35,81.06,-999,158.9
3.61,8.46,0.31,74.61,1.51,158.49
3.25,8.52,0.28,67.61,1.43,159.05
3.38,8.52,0.3,69.48,1.48,158.89
3.87,8.61,0.34,77.83,1.64,158.7
5.82,8.59,0.51,113.38,2.16,158.84
6.8,8.51,0.59,133.99,2.45,162.53
5.46,8.53,0.48,107.58,2.07,159.48
5.85,8.65,0.51,114.09,2.14,160.31
8.71,8.85,0.76,160.62,2.69,161.96
8.67,8.83,0.76,159.36,2.65,161.09
8.57,8.87,0.75,157.74,2.78,161.57
8.24,8.81,0.72,153.01,2.87,161.41
7.85,8.76,0.69,146.99,2.81,161.01
7.75,8.78,0.68,145.03,2.77,161.12
6.97,8.74,0.61,131.72,2.52,159.66
6.06,8.56,0.53,117.64,2.27,158.57
5.42,8.44,0.47,107.77,2.1,157.59
4.75,8.54,0.41,95.45,1.95,158.65
3.82,8.47,0.34,78.52,1.65,158.68
3.8,8.25,0.33,78.46,1.69,156.38
5.27,8.16,0.46,105.18,2.1,154.35
5.95,8.43,0.52,116.62,2.31,157.14
7.84,8.47,0.69,147.95,2.8,157.74
8.39,8.68,0.73,156.48,2.87,160.47
5.84,8.69,0.51,114.49,2.34,160.98
4.19,8.49,0.37,84.78,1.79,158.53
4.54,8.53,0.4,90.56,1.83,157.95
4.36,8.45,0.38,88.81,1.8,157.99
6.95,8.6,0.61,132.88,2.49,159.8
7.8,8.48,0.69,148.05,2.77,158.54
6.82,8.28,0.6,133.39,2.59,157.7
6.55,8.15,0.58,127.39,2.52,154.77
6.73,8.07,0.59,131.52,2.55,153.48
7.36,8.1,0.65,141.25,2.62,153.32
6.36,8.09,0.56,123.5,2.29,152.23
4.49,7.71,0.4,91.66,1.7,147.84
5.86,8.07,0.52,118.13,2.34,155.88
7.02,8.11,0.62,138.09,2.59,156.73
7.31,8.02,0.65,143.12,2.71,154.66
6.2,8.06,0.55,122.98,-999,155.61
6.94,8.07,0.62,136.45,2.73,155.09
5.36,7.96,0.48,107.5,2.16,152.52
5.39,7.84,0.48,107.45,2.1,149.16
6.08,7.97,0.54,120.24,2.35,151.76
6.83,7.82,0.61,134.16,2.48,150.96
6.14,7.83,0.55,122.36,2.35,152.23
6.88,8.13,0.62,133.51,2.62,155.2
6.88,8.26,0.62,133.01,2.64,156.05
6.64,8.12,0.59,130.74,2.59,155.53
6.77,7.93,0.61,133.2,2.62,152.78
4.6,7.78,0.41,94.57,1.91,151.02
4.9,7.74,0.45,98.94,-999,150.68
4.82,8.14,0.44,97.23,1.99,154.27
5.32,8.18,0.48,104.48,-999,155.88
4.77,8.11,0.44,96.62,2.05,154.27
5.1,7.92,0.47,103.74,2.22,153.12
5.29,7.93,0.48,105.58,2.2,151.35
5.08,7.87,0.47,101,1.98,149.41
6.04,7.65,0.55,118.95,2.23,147.45
5.78,7.43,0.53,115.87,2.18,144.55
6.49,7.62,0.6,128.35,2.4,147.6
5.84,7.65,0.54,115.86,2.24,146.74
6.56,7.72,0.61,127.02,2.45,146.2
5.21,7.65,0.48,103.92,2.08,146.35
6.9,7.95,0.65,131.52,2.52,148.74
6.72,7.95,0.63,128.69,2.51,149.39
6.57,7.93,0.62,126.41,2.52,149.2
5.25,7.76,0.49,104.06,2.15,147.8
5.82,7.67,0.55,114.59,2.25,146.22
5.4,7.78,0.52,106.34,2.14,147.13
6.08,7.86,0.58,117.18,2.27,146.75
5.96,7.89,0.57,114.4,2.27,146.13
3.87,7.7,0.37,78.67,1.57,146.21
6.97,7.63,0.67,133.79,2.35,145.16
7.3,7.63,0.7,139.15,2.49,144.73
6.72,7.58,0.65,129.3,2.38,144.23
5.52,7.68,0.54,106.96,2.08,144.01
5.17,7.61,0.51,101.22,1.97,144.03
6.59,7.56,0.65,126.16,2.23,142.6
4.53,7.59,0.45,88.62,1.68,141.6
3.83,7.51,0.38,76.83,1.48,140.45
2.68,7.39,0.27,55.4,1.16,138.04
3.3,7.43,0.33,66.98,-999,139.3
4.89,7.42,0.49,96.48,1.86,140.01
5.6,7.21,0.56,109.53,2.05,138.13
5.37,7.09,0.54,105.43,1.98,135.91
5.98,7.09,0.6,116.21,2.09,135.25
6.44,7,0.66,124.05,2.18,133.71
5.46,6.84,0.55,107.29,1.95,131.24
6.29,6.91,0.65,121.21,2.2,132.27
6.18,6.78,0.63,118.77,2.09,129.47
3.27,6.42,0.34,68.7,1.41,126.89
4.02,6.81,0.42,81.55,1.63,132.39
4.62,6.82,0.48,91.84,1.73,130.89
6.36,6.77,0.67,121.3,2.02,128.41
6.16,6.75,0.65,117.63,1.95,127.96
5.61,6.77,0.59,107.79,1.84,128.28
5.96,6.7,0.63,114.3,1.84,127.1
5.78,6.5,0.62,112.46,1.9,125.95
6.35,6.57,0.69,121.57,1.99,125.76
4.67,6.71,0.51,91.77,1.76,127.93
5.72,6.76,0.62,108.66,1.89,127.4
6.13,6.58,0.67,115.93,1.95,124.12
5.59,6.58,0.62,106.54,1.81,124.17
5.89,6.48,0.66,109.93,1.73,120.53
5.79,6.48,0.65,108.18,1.69,120.03
4.87,6.56,0.55,92.89,1.53,122.12
4.6,6.46,0.52,89.86,1.56,122.47
3.77,6.4,0.43,74.12,1.38,120.36
4.84,6.35,0.55,93.16,1.63,120.84
6.05,6.38,0.7,111.97,1.73,118.02
6.02,6.34,0.7,112.2,1.54,118.16
6.39,6.37,0.74,116.6,1.57,116.99
6.29,6.36,0.73,114.48,1.55,116.24
6.21,6.28,0.73,113.77,1.59,115.64
6.19,6.23,0.73,112.59,1.55,114.06
6.05,6.16,0.72,110.61,1.51,113.27
5.59,6.06,0.67,103.45,1.5,111.6
4.83,6.04,0.59,91.91,1.49,112.65
3.32,6.05,0.41,63.99,1.13,111.43
4.84,5.89,0.59,91.53,1.42,109.86
5.1,5.88,0.63,95,1.46,108.7
5.92,6,0.73,107.61,1.56,109.55
6.06,6.06,0.76,108.81,1.61,109.58
6.02,6.05,0.76,107.07,1.59,108.17
5.9,5.93,0.75,105.81,1.58,106.85
3.85,5.76,0.49,73.27,1.26,105.27
5.53,5.7,0.71,100.28,1.38,103.74
5.63,5.68,0.73,102.87,1.43,104.59
4.81,5.55,0.63,89.41,1.4,102.11
5.16,5.61,0.68,94.69,1.45,102.72
4.77,5.44,0.63,87.77,1.34,99.43
5.31,5.49,0.71,96.41,1.41,100.07
5.17,5.41,0.7,94.98,1.4,99.88
5.3,5.29,0.72,98.47,1.43,99.24
4.71,5.19,0.65,88.71,1.34,97.7
4.87,4.99,0.67,91.52,1.21,94.19
3.77,5.01,0.52,72.17,1.09,93.77
3.43,5.07,0.48,65.63,1.02,95.35
5.1,5.13,0.72,94.12,1.19,95.53
5.17,5.17,0.73,93.34,1.14,94.16
5.13,5.14,0.73,93.45,1.16,94.46
5.2,5.26,0.76,92.2,-999,93.98
5.12,5.12,0.75,92.13,1.17,92.83
5.02,5.01,0.74,90.73,1.15,91.48
4.57,4.92,0.68,82.51,1.11,88.83
3.95,4.84,0.59,72.53,1.07,87.84
2.01,4.68,0.3,39.4,0.66,86.3
1.86,4.58,0.28,37,0.6,84.99
2.64,4.5,0.41,51.24,0.74,85.1
2.82,4.51,0.44,54.38,0.77,84.29
3.07,4.52,0.48,58.26,0.76,84.32
3.39,4.37,0.53,64.29,0.8,81.7
4.33,4.46,0.69,80.79,0.97,83.98
3.83,4.35,0.61,72.63,0.95,83.05
3.22,4.32,0.52,62.2,0.91,83.02
1.77,4.26,0.29,36.15,0.6,82.05
2.46,4.34,0.4,48.14,0.7,81.82
4.12,4.34,0.68,76.59,0.91,81.47
3.74,4.3,0.62,69.46,0.85,80.07
3.96,4.24,0.66,72.95,0.84,78.46
2.35,4.02,0.4,44.62,0.66,73.84
3.05,4.16,0.52,57.15,0.86,77.44
3.86,4.12,0.66,71.49,0.95,77
2.46,4.03,0.42,47.02,0.77,75.56
3.54,3.98,0.62,66.74,0.95,75.2
1.97,3.9,0.34,39.26,0.62,75.11
4.1,4.15,0.72,73.71,0.81,75.61
3.7,4.13,0.66,66.43,0.77,74.39
3.61,3.87,0.64,67.16,0.79,72.48
3.87,3.93,0.7,70.08,0.77,72.2
4.01,3.97,0.73,72.73,0.75,73.27
3.94,3.94,0.71,71.1,0.73,72.36
3.92,3.87,0.71,71.15,0.76,71.58
2.47,3.92,0.45,46.37,0.64,71.36
2.71,3.85,0.5,50.92,0.7,70.96
2.9,3.8,0.54,54.09,0.7,70.67
2.56,3.81,0.48,47.62,0.61,69.41
2.73,3.7,0.52,50.85,0.62,68.28
1.57,3.62,0.3,30.86,0.42,67.82
3.61,3.67,0.69,66.32,0.66,68.34
3.5,3.66,0.66,64.27,0.71,68.16
3.05,3.63,0.59,56.35,0.73,67.16
3.06,3.65,0.59,55.53,0.7,66.2
3.45,3.85,0.66,61.33,0.65,68.7
3.73,3.71,0.72,66.68,0.58,67.39
3.74,3.88,0.73,65.52,0.59,68.75
3.21,3.78,0.62,57.8,0.58,67.78
3.01,3.76,0.59,54.09,0.56,66.72
2.37,3.65,0.47,43.6,0.45,65.03
3.65,3.64,0.72,64.19,0.52,64.96
3.78,3.75,0.74,65.75,0.56,66.4
3.73,3.7,0.73,65.12,0.55,65.57
3.52,3.63,0.7,61.82,0.48,64.59
3.69,3.66,0.73,64.72,0.5,65.26
1.79,3.17,0.36,33.31,0.3,57.5
3.51,3.51,0.7,62.06,0.47,62.98
3.58,3.56,0.71,63.48,0.49,64.16
3.57,3.54,0.71,63.66,0.52,64.13
2.72,3.46,0.54,50.38,0.45,63.84
3.77,3.75,0.75,65.73,0.54,66.52
3.49,3.7,0.7,61.16,0.49,65.53
3.1,3.64,0.62,55.5,0.53,64.95
3.47,3.57,0.69,61.34,0.56,63.9
3.25,3.52,0.65,57.01,0.52,61.99
2.35,3.47,0.47,43.19,0.45,62.59
3.54,3.54,0.7,62.98,0.56,63.95
3.35,3.57,0.66,59.7,0.54,64.31
3.71,3.69,0.73,64.65,0.55,65.43
3.2,3.61,0.63,56.97,0.49,64.17
2.86,3.43,0.56,52.67,0.48,62.92
2.98,3.54,0.59,54.74,0.52,64.78
3.38,3.53,0.66,61.2,0.53,64.59
1.78,3.37,0.34,33.94,0.35,61
3.49,3.5,0.67,65.26,0.51,66.27
2.73,3.55,0.52,51.56,0.48,66.79
2.02,3.51,0.39,39.7,0.47,66.95
2.28,3.56,0.44,44.21,0.53,68.08
1.25,3.44,0.24,25.4,0.34,65.24
3.06,3.58,0.58,57.31,0.57,67.1
2.14,3.58,0.41,41,0.44,67.01
3.58,3.77,0.67,65.21,0.66,69.55
2.76,3.78,0.52,51.3,0.55,69.34
3.78,3.87,0.7,67.51,0.59,69.7
3.22,3.86,0.59,58.34,0.57,69.38
3.18,3.84,0.59,57.98,0.58,69.55
3.12,3.78,0.57,57.74,0.59,69.6
3.37,3.79,0.61,62.39,0.6,70.36
2.87,3.82,0.52,53.11,0.55,70.27
2.07,3.7,0.37,39.95,0.49,68.91
3.83,4.13,0.68,68.88,0.65,74.93
3.79,4.14,0.66,68.05,0.59,74.62
4.14,4.13,0.73,74.42,0.63,75.16
4.2,4.19,0.73,74.96,0.66,75.75
4.2,4.32,0.73,73.4,0.69,76.3
2.9,4.15,0.49,54.1,0.59,76.51
4.17,4.29,0.71,75.16,-999,78.09
4.01,4.31,0.68,72.44,0.7,78.27
4.43,4.43,0.74,79.25,0.73,80.19
4.55,4.58,0.76,79.81,0.74,81.22
2.85,4.5,0.47,51.95,0.58,78.77
4.39,4.36,0.72,79.25,0.73,79.75
3.7,4.48,0.6,67.23,0.73,80.66
4.06,4.5,0.65,73.36,0.78,81.55
4.59,4.56,0.73,82.01,0.8,82.5
4.6,4.58,0.73,81.73,0.77,82.32
3.5,4.55,0.55,64.16,0.7,82.66
3.54,4.64,0.55,65.2,0.76,84.09
4.63,4.81,0.71,82.2,0.82,86.16
4.73,4.84,0.73,84.14,0.88,86.81
3.64,4.82,0.55,66.07,0.84,85.88
2.59,4.72,0.39,49.69,0.71,87.26
4.5,4.7,0.67,81.02,0.88,85.1
3.49,4.84,0.52,64.5,0.83,88.7
4.48,4.84,0.66,82.11,0.81,89.21
3.08,4.74,0.45,59.12,0.66,88.8
4.75,4.93,0.69,86.62,0.94,90.35
4.63,5.11,0.66,82.45,0.96,91.22
4.79,5.15,0.68,86.59,0.98,93.28
4.88,5.14,0.69,88.29,1.04,93.71
5.11,5.39,0.72,92.21,1.12,98.02
5.33,5.46,0.74,94.29,0.99,97.48
4.75,5.18,0.66,85.54,0.83,93.27
3.85,5.29,0.52,71.06,0.71,96.59
4.95,5.56,0.67,88.45,0.96,99.67
5.68,5.7,0.77,99.4,0.97,100.48
5.46,5.54,0.73,97.01,-999,99.17
5.47,5.53,0.73,97.84,0.95,99.7
4.51,5.56,0.59,82.33,0.83,100.98
5.23,5.49,0.68,93.93,0.89,98.88
5.67,5.69,0.73,102.89,1.15,103.92
5.61,5.66,0.72,103.03,1.25,104.54
4.11,5.73,0.52,77.74,1.14,106.55
5.87,6.01,0.74,105.5,1.3,108.48
5.77,6.12,0.73,103.32,1.49,109.59
6.02,6.16,0.75,107.32,1.51,110.22
4.2,5.98,0.52,78.69,1.28,108.77
4.58,5.93,0.56,86.41,1.48,109.95
3.27,5.9,0.4,65.21,1.19,112.25
1.24,5.7,0.15,26.34,0.48,108.7
4.17,6,0.5,80.66,1.29,113.02
4.19,5.96,0.5,80.4,1.29,111.66
3.17,6.02,0.38,63.58,1.09,115.05
5.57,6.24,0.66,104.05,1.47,116.05
5.97,6.5,0.7,108.26,1.41,118.14
5.82,6.42,0.67,106.55,1.38,117.55
4.64,6.4,0.53,87.33,1.22,118.2
5.53,6.5,0.63,101.23,1.28,117.32
6.04,6.54,0.69,110.52,1.41,119.03
5.53,6.43,0.62,103.77,1.41,119.1
5.23,6.32,0.59,100.35,1.52,119.29
1.97,6.24,0.22,41.86,0.74,117.86
5.49,6.76,0.61,103.05,1.55,124.56
5.88,6.77,0.65,108.37,1.58,123.45
6.4,6.78,0.7,116.85,1.56,123.47
6.64,6.93,0.73,120.6,1.53,125.86
7.08,7.1,0.77,126.66,1.41,127.43
7.04,7.05,0.76,126.9,1.48,127.4
6.8,7,0.73,124.54,1.66,128.08
6.27,7.13,0.67,115.07,1.77,129.33
4.5,6.98,0.48,84.98,1.52,126.19
3.91,6.84,0.41,75.98,1.33,125.67
3.56,6.99,0.38,70.58,1.16,129.19
6.34,6.94,0.66,117.93,1.59,128.35
3.33,7.09,0.34,64.87,1.11,129.66
6.44,7.07,0.66,118.79,1.78,129.68
5.72,6.9,0.59,110.57,1.81,131.7
4.88,6.97,0.5,98.03,1.77,135
6.88,7.45,0.7,126.53,2.12,136.3
7.4,7.57,0.75,132.86,2.04,136.07
7.4,7.48,0.75,134.71,2.09,136.34
6.81,7.47,0.69,126.92,2.06,137.8
7.29,7.67,0.73,132.38,2.04,138.89
7.51,7.72,0.75,133.8,1.93,137.44
7.54,7.71,0.75,134.58,-999,137.52
5.82,7.59,0.57,107.66,1.7,136.3
6.79,7.56,0.66,126.56,1.98,139.52
7.87,7.96,0.77,141.75,1.98,143.26
7.76,7.85,0.76,140.41,1.99,141.93
6.27,7.72,0.61,116.27,1.8,141.21
7.71,7.81,0.74,139.7,1.9,141.41
6.23,7.75,0.6,115.38,1.8,140.23
7.58,7.8,0.73,139.26,2.13,142.84
5.59,7.94,0.53,106.07,1.77,145.48
6.04,7.95,0.58,112.98,1.88,144.87
7.03,7.79,0.66,132.3,2.1,144.58
6.29,7.89,0.59,118.78,1.91,145.68
7.13,8.02,0.67,131.95,1.98,146.53
7.42,7.98,0.7,137.25,2.05,146.24
5.37,7.99,0.5,103.05,1.66,146.68
3.75,7.66,0.35,74.14,1.2,140.16
3.41,7.53,0.32,68.4,1.03,136.68
5.16,7.68,0.48,98.77,1.24,141.85
7.93,8.01,0.73,145.59,1.73,146.87
8.08,8.2,0.75,147.33,2.04,149.16
8.1,8.32,0.75,146.51,2.2,149.93
7.71,8.27,0.71,141.18,2.26,149.85
7.19,8.25,0.66,133.89,2.29,150.88
5.27,8,0.48,101.48,1.83,147.94
6.65,7.98,0.61,126.91,2.26,149.22
4.95,8.24,0.45,97.34,1.84,152.41
2.33,8.11,0.21,49.5,0.98,150.85
5.83,8.26,0.53,112.88,1.86,153.39
7.5,8.29,0.68,139.62,2.12,152.4
7.2,8.2,0.65,135.28,2.05,151.62
7.21,8.39,0.65,134.64,2.2,153.75
7.85,8.47,0.7,145.34,2.43,155.24
4.97,8.38,0.45,97.55,1.75,154.14
4.54,8.18,0.41,89.31,1.53,151.34
3.8,8.15,0.34,76.74,1.36,151.88
3.03,8.19,0.27,62.98,1.15,152.08
3.4,8.04,0.3,69.11,1.18,148.41
6.46,8.15,0.58,123.6,1.88,151.22
5.19,8.33,0.46,101.69,1.7,155.27
4.59,8.49,0.41,91.98,1.65,158.01
8.13,8.47,0.72,152.77,2.41,157.95
5.98,8.26,0.53,115.8,1.96,153.83
6.78,8.38,0.6,128.48,2.11,155.12
4.39,8.39,0.39,87.21,1.71,156.16
2.81,8.32,0.25,59.29,1.28,156.26
4.91,8.43,0.43,98.55,1.95,158.41
5.96,8.61,0.52,115.12,2.09,159.88
8.42,8.65,0.74,156.48,2.55,159.59
7.79,8.58,0.69,145.76,2.43,157.91
7.87,8.63,0.69,147.07,2.49,158.35
4.22,8.64,0.37,84.22,1.62,159.62
3.44,8.53,0.3,70.8,1.48,159.09
6.74,8.64,0.59,128.62,2.31,159.61
7.49,8.53,0.66,141.48,2.39,157.53
8.05,8.6,0.7,149.82,2.55,157.95
8,8.55,0.7,151.51,2.59,159.87
8.12,8.61,0.71,152.95,2.59,160.09
7.59,8.57,0.66,143.74,2.51,159.29
6.59,8.72,0.58,127.3,2.44,161.72
7.11,8.52,0.62,137.55,2.6,160.6
6.51,8.55,0.57,126.31,2.44,160.51
6.53,8.49,0.57,126.17,2.41,159.11
3.25,8.52,0.28,67.93,1.44,159.53
4.9,8.66,0.43,98.52,1.98,162.85
7.79,8.7,0.68,146.77,2.83,161.1
4.41,8.63,0.38,88.33,1.89,159.7
4.03,8.67,0.35,81.43,1.74,160.18
4,8.63,0.35,81.42,1.76,160.39
5.1,8.71,0.45,101.17,2.16,161.02
2.99,8.78,0.26,61.91,1.37,161.22
5.12,8.8,0.45,100.68,1.98,162.1
7.15,8.8,0.62,135.14,2.42,161.46
7.83,8.82,0.69,146.23,2.69,161.42
7.11,8.67,0.62,136.21,2.59,160.84
6.29,8.66,0.55,122.57,2.38,160.96
3.8,8.53,0.33,78.05,1.59,158.84
5.54,8.56,0.48,109.21,1.98,159.15
6.88,8.59,0.6,130.87,2.32,158.74
7.62,8.56,0.66,144.21,2.52,158.7
7.58,8.47,0.66,144.59,2.56,158.73
7.77,8.53,0.68,147.45,2.62,159.45
7.94,8.69,0.7,148.28,2.72,159.65
7.64,8.15,0.67,146.01,2.67,153.66
7.05,7.64,0.62,136.1,2.35,145.24
7.07,7.88,0.62,137.67,2.48,150.84
5.15,7.87,0.45,103.63,1.87,151.62
4.36,7.71,0.38,88.27,1.66,146.33
6.69,7.85,0.59,133.14,2.45,152.03
6.79,7.91,0.6,134.58,2.53,152.81
6.07,8.08,0.54,121.52,2.35,155.66
5.77,8.08,0.52,116.27,2.23,155.84
5.72,7.98,0.51,114.75,2.21,153.6
4.62,7.86,0.41,95.19,1.91,151.96
4.64,7.73,0.41,95.16,1.87,150.48
5.39,7.78,0.48,109.41,2.09,151.62
6.92,7.92,0.62,137.7,2.55,154.31
6.08,7.93,0.55,122.48,2.31,154.7
6.94,7.96,0.62,136.36,2.47,153.59
7.91,8.06,0.71,151.87,2.62,154.16
7.82,8.06,0.7,149.91,-999,153.7
7.4,7.99,0.67,142.41,2.59,152.45
5.26,7.94,0.48,105.47,-999,152.12
4.04,7.88,0.37,81.89,1.61,149.52
5.3,7.78,0.48,105.21,2.02,147.49
5.31,7.79,0.48,105.69,2.07,148.53
6.94,7.62,0.63,136.3,2.48,147.89
6.71,7.63,0.62,132.48,2.36,148.24
7.19,7.56,0.66,140.53,2.44,146.8
7.35,7.57,0.67,143.67,2.47,147.09
7.42,7.63,0.68,144.3,2.5,147.55
7.36,7.82,0.68,142.3,2.57,149.65
7.27,7.95,0.67,139.57,2.59,150.91
7.36,7.94,0.68,140.9,2.63,150.38
7.78,8.07,0.73,145.95,2.65,150.61
7.55,7.93,0.7,142.14,2.6,148.23
7.45,7.6,0.7,142.33,2.48,144.7
6.14,7.22,0.58,119.93,2.16,138.88
6.72,6.96,0.63,129.63,2.16,133.8
6.97,7.18,0.66,134.96,2.32,138.66
6.87,7.4,0.65,134.01,2.4,143.24
7.18,7.51,0.68,139.5,2.48,145.43
5.53,7.45,0.52,110.69,2.12,145.05
4.67,7.4,0.45,95.35,1.84,143.72
4.41,7.23,0.42,90.15,1.74,140.22
5.27,7.23,0.51,106.17,2.07,141.15
5.18,7.29,0.5,103.51,-999,141.09
6.54,7.36,0.63,128.04,2.3,141.91
4.81,7.25,0.47,96.25,1.79,139.55
6.28,7.31,0.62,122.6,2.27,140.67
6.58,7.33,0.65,128.18,2.35,141.07
6.94,7.35,0.69,134.09,2.47,141.3
5.34,7.34,0.53,103.23,1.95,138.14
6.24,7.41,0.62,117.88,2.13,137.74
6.48,7.45,0.65,122.12,2.18,138.49
6.31,7.38,0.63,119.51,2.15,137.77
5.91,7.29,0.59,114.43,2.12,138.1
6.74,7.28,0.68,128.24,2.24,137.55
7.19,7.33,0.73,134.95,2.34,137.48
6.36,7.22,0.65,121.52,2.24,136.07
5.31,7.04,0.55,103.43,1.98,132.95
4.25,7.1,0.44,83.8,1.64,132.93
4.21,7.1,0.44,82.78,1.56,133.15
3.98,7.02,0.41,79.24,1.49,132.85
5.94,7.07,0.62,112.05,1.95,131.77
4.08,7.04,0.43,81.07,1.56,132.3
3.96,7.04,0.41,78.2,1.55,131.4
4.08,6.96,0.43,81.05,1.63,131.02
5.22,7.04,0.55,100.02,1.91,130.64
5.56,7.09,0.59,104.69,1.91,129.89
5.66,6.89,0.61,107.46,1.91,128.38
6.15,6.95,0.66,114.91,1.98,128.89
6.47,6.96,0.7,120.27,2.03,128.87
6.71,6.81,0.73,125.45,2.04,127.66
6.64,6.75,0.73,124.42,2.05,126.88
6.47,6.68,0.72,121.23,-999,125.49
6.64,6.75,0.74,123.2,2.12,125.61
6.66,6.75,0.74,122.55,2.08,124.87
6.38,6.68,0.72,117.57,1.96,123.03
5.23,6.64,0.59,97.32,1.62,120.91
5.69,6.52,0.65,107.01,1.73,121.46
5.54,6.36,0.63,104.99,1.73,119.7
4.78,6.36,0.55,91.37,1.59,118.54
3.7,6.37,0.43,72.23,1.35,118.48
3.89,6.26,0.45,76.27,1.41,117.38
2.73,6.13,0.32,54.73,-999,116.02
3.06,6.15,0.36,61.14,1.19,115.39
4.2,6.09,0.5,80.77,1.39,113.46
5.71,6.06,0.69,108.12,1.7,114.5
4.95,5.77,0.6,96.49,1.55,111.31
3.3,5.67,0.4,66.86,1.23,110.32
4.4,5.69,0.54,85.82,1.54,109.51
3.65,5.71,0.45,72.25,1.31,109.41
5.4,5.79,0.67,103.12,1.58,110.51
5.03,5.78,0.63,95.61,1.61,109.09
2.76,5.65,0.35,54.95,1.02,106.59
5.35,5.58,0.68,99.57,1.4,104.2
5.03,5.63,0.64,94.21,1.3,104.74
5.46,5.67,0.7,101.18,1.41,105.17
5.26,5.58,0.68,97.9,1.35,104.09
4.58,5.47,0.6,86.99,1.25,102.98
4.13,5.29,0.55,78.16,1.16,98.55
3.67,5.23,0.48,70.38,1.06,97.88
4.99,5.28,0.66,93.49,1.23,99.31
5.5,5.63,0.74,98.63,1.28,101.84
5.62,5.63,0.77,100.34,1.2,101.42
5.36,5.38,0.73,98.13,1.2,99.44
5.37,5.36,0.74,97.95,1.19,98.58
5.27,5.27,0.73,96.76,1.19,97.49
5.2,5.21,0.73,95.7,1.19,96.8
4.71,5.08,0.66,86.98,1.11,93.77
3.05,5.03,0.44,58.59,0.93,92.75
3.44,4.92,0.49,65.6,0.98,92.06
4.29,4.89,0.62,80.03,1.05,91.02
4.07,4.9,0.59,75.11,0.95,89.52
3.83,4.92,0.56,71.54,1.02,90.16
3.77,4.9,0.55,70.38,1.07,89.92
3.54,4.82,0.53,66.23,1.03,88.27
3.14,4.7,0.47,59.37,0.93,86.7
3.39,4.57,0.52,64.07,0.91,85.01
4.8,4.83,0.73,85.91,0.96,87.28
4.51,4.75,0.7,81.7,0.92,86.45
4.7,4.68,0.73,85.78,1.02,86.41
4.39,4.63,0.69,79.75,0.97,84.87
3.03,4.32,0.48,56.36,0.76,78.85
2.95,4.5,0.47,55.76,0.81,82.8
2.5,4.36,0.4,48.42,0.7,81.98
2.8,4.38,0.45,52.47,0.73,80.61
3.78,4.28,0.62,70.77,0.92,80.26
4.54,4.52,0.74,81.19,0.94,81.79
4.39,4.44,0.73,77.55,-999,79.41
4.19,4.22,0.7,72.71,0.81,74.23
4.54,4.54,0.77,79.65,0.86,80.72
4.16,4.47,0.7,72.91,0.78,78.82
4.21,4.36,0.72,74.86,0.8,78.27
3.34,4.18,0.57,60.62,0.7,75.54
4.1,4.17,0.71,72.77,0.74,74.89
3.76,3.98,0.66,67.78,0.75,72.36
4.03,4.03,0.7,71.74,0.73,72.9
2.63,3.67,0.46,48.15,0.52,65.98
3.83,3.85,0.68,69.85,0.66,71.28
3.42,3.82,0.61,64.07,0.69,71.88
3.17,3.89,0.57,59.16,0.7,72.49
3.69,3.84,0.66,68.45,0.73,72.13
3.07,3.73,0.56,58.16,0.64,70.68
3.68,3.76,0.67,67.61,0.68,70.05
3.88,3.86,0.72,70.28,0.66,71.04
3.76,3.83,0.7,67.51,0.64,69.7
2.48,3.75,0.46,46.68,0.58,69.8
1.52,3.56,0.28,30.03,0.38,67.79
2.94,3.69,0.55,54.76,0.59,68.83
3.23,3.66,0.61,60.06,0.64,68.5
3.57,3.81,0.68,64.27,0.64,69.6
3.76,3.74,0.72,67.63,0.62,68.39
3.21,3.71,0.62,58.05,0.58,67.35
1.03,3.48,0.2,21.22,0.27,67.12
1.71,3.41,0.33,33.38,0.4,64.5
3.55,3.6,0.69,65.85,0.58,67.7
3.67,3.65,0.72,66.38,0.58,67.09
3.02,3.61,0.59,55.22,0.57,65.97
1.82,3.38,0.36,34.29,0.43,60.63
3.35,3.44,0.66,59.78,0.56,62.3
3.29,3.55,0.65,59.66,0.56,64.95
3.69,3.67,0.73,65.73,0.6,66.38
1.76,3.62,0.35,33.45,0.41,65.92
3.5,3.56,0.7,62.91,0.55,65.02
3.43,3.58,0.68,61.43,0.52,65.03
2.85,3.49,0.57,53.19,0.48,65.46
3.24,3.5,0.64,59.01,0.5,64.51
3.33,3.6,0.66,59.55,0.57,64.95
3.19,3.63,0.63,56.87,0.59,64.95
1.52,3.48,0.3,29.41,0.39,63.57
3.02,3.46,0.6,55.77,0.56,64.16
2.59,3.44,0.52,47.62,0.5,62.88
2.99,3.4,0.59,55.08,0.56,62.76
2.57,3.49,0.51,48.63,0.51,65.48
3.57,3.56,0.71,64.48,0.52,65.28
3.08,3.51,0.61,56.32,0.52,64.61
3.76,3.75,0.74,65.75,0.52,66.59
3.76,3.74,0.74,66.26,0.52,66.97
3.62,3.62,0.71,65.14,0.55,66.14
1.66,3.35,0.33,31.59,0.34,60.87
3.85,3.84,0.75,67.04,0.52,67.91
3.8,3.79,0.74,66.7,0.5,67.45
3.83,3.82,0.74,66.77,0.55,67.39
3.75,3.74,0.73,66.13,0.58,66.77
1.02,3.46,0.2,20.66,0.27,64.15
3.46,3.68,0.66,62.98,0.65,67.71
3.43,3.63,0.66,64.02,0.64,68.3
3.28,3.67,0.62,60.92,0.7,68.23
3.66,3.74,0.7,66.5,0.74,68.73
3.15,3.74,0.59,58.16,0.66,68.71
2.51,3.61,0.47,46.5,0.54,65.07
3.17,3.73,0.59,58.58,0.61,69.13
2.29,3.72,0.42,43.54,0.54,68.82
1.08,3.47,0.2,22.36,0.31,64.87
2.62,3.72,0.48,50.23,0.6,70.48
2.45,3.66,0.45,47.05,0.55,69.29
1.57,3.65,0.28,31.64,0.44,69.85
3.3,3.88,0.59,62.03,0.7,73
4.07,4.06,0.73,73.57,0.85,74.44
3.21,3.98,0.57,59.26,0.83,72.77
4.12,4.17,0.73,74.67,0.88,76.41
4.18,4.32,0.73,73.89,0.75,76.86
4.26,4.24,0.74,75.94,0.73,76.56
3.53,4.23,0.61,64.17,0.71,76.5
4.38,4.39,0.75,77.15,0.84,78.31
4.18,4.38,0.71,74.6,0.82,78.6
4.23,4.31,0.71,75.78,0.82,78.05
3.38,4.19,0.57,61.19,0.77,75.02
3.4,4.18,0.56,62.79,0.89,76.34
3.64,4.13,0.6,67.59,0.88,76.82
1.65,3.95,0.27,32.91,0.48,73.54
3,4.29,0.48,56.41,0.61,78.99
1.44,4.06,0.23,29.58,0.45,77.08
3.95,4.45,0.63,72.42,0.88,82.11
3.32,4.42,0.52,63.02,0.86,82.88
3.28,4.6,0.52,61.11,0.76,85.23
4.72,4.81,0.73,84.02,0.86,86.39
4.8,4.78,0.74,85.48,0.84,86.09
4.74,4.81,0.73,84.6,0.87,86.57
3.43,4.74,0.52,63.75,0.78,87.77
3.69,4.8,0.55,68.18,0.87,88.15
5.15,5.13,0.77,90.01,0.96,90.69
4.09,5.05,0.61,74.05,0.86,89.88
1.35,4.48,0.2,28.13,0.46,85.8
0.71,4.64,0.1,14.97,0.24,88.64
4,5.07,0.58,74.65,1.02,93.89
4.7,5.18,0.67,85.76,1.2,94.95
4.33,5.09,0.62,79.59,1.02,93.31
4.7,5.28,0.66,84.39,0.9,95.27
5.45,5.44,0.77,96.37,0.91,97.07
2.94,5.15,0.41,55.85,0.64,94.19
3.17,5.13,0.44,60,0.67,93.3
5.55,5.53,0.76,98.38,0.92,98.92
5.64,5.62,0.77,99.73,1.19,100.35
5.38,5.51,0.73,97.05,1.27,99.9
5.36,5.42,0.72,97.34,1.31,99.1
3.01,5.3,0.4,57.6,1.03,96.66
5.34,5.43,0.7,99.41,1.63,101.77
4.31,5.47,0.56,81.71,1.58,102.49
3.26,5.47,0.42,63.49,1.42,102.97
2.2,5.44,0.28,44.8,1.1,102.3
4.24,5.78,0.54,80.69,1.64,107.52
3.49,5.9,0.45,67.02,1.37,108.13
4.49,5.73,0.56,83.91,1.48,106.29
2.2,5.65,0.27,45.24,0.91,107.93
4.97,5.93,0.62,92.64,1.29,109
5.5,6.01,0.68,101.12,1.36,110.49
4.9,5.97,0.59,90.63,1.32,109.18
3.76,5.93,0.45,72.34,1.06,109.34
1.7,5.8,0.2,35.13,0.48,106.52
5.48,6.11,0.66,101.84,1.19,113.24
6.14,6.36,0.73,111.02,1.62,115.32
6.55,6.55,0.77,116.91,1.63,117.66
5.97,6.55,0.7,108.19,1.44,118.38
6.35,6.49,0.73,114.74,-999,117.89
6.51,6.51,0.75,117.55,1.46,118.28
5.65,6.51,0.65,104.02,1.53,118.74
5.41,6.54,0.62,99.88,1.57,118.71
5.09,6.41,0.58,95.62,1.3,118.09
4.23,6.49,0.48,80.29,1.06,120.24
6.47,6.57,0.73,119.11,1.65,121.13
6.23,6.6,0.7,115.33,1.87,121.9
6.51,6.78,0.72,118.37,1.9,122.96
6.81,6.87,0.75,121.98,1.86,123.32
4.99,6.73,0.55,93.26,1.59,121.71
5.05,6.75,0.55,95.92,1.62,124.69
6.83,6.96,0.73,125.63,1.88,128.33
6.48,7.11,0.7,118.91,1.8,129.05
7.06,7.08,0.75,128.05,1.97,128.72
6.85,7.08,0.73,124.54,1.88,128.55
6.59,7.01,0.7,120.36,1.91,127.55
6.17,7.05,0.65,115.34,1.73,130.58
5.25,6.93,0.55,99.58,1.52,128.34
5.47,6.97,0.57,103.7,1.72,129.37
4.86,7.04,0.5,94.5,1.54,132.23
6.78,7.1,0.7,126.3,1.88,131.95
7.04,7.26,0.72,129.87,2.15,133.84
6.86,7.24,0.7,126.33,2.18,132.88
6.37,7.46,0.65,117.91,2.01,137.3
7.68,7.74,0.77,137.97,2.1,139.18
6.88,7.51,0.69,126.09,1.84,136.51
7.2,7.43,0.72,132.47,1.76,136.62
7.65,7.69,0.77,139.16,1.95,140.04
6.56,7.66,0.65,121.44,1.9,139.52
6.14,7.53,0.61,115.27,1.9,138.66
4.49,7.39,0.45,87.89,1.52,138.12
7.72,7.76,0.76,141.66,1.99,142.38
7.33,7.76,0.71,134.84,2.17,141.97
4.64,7.69,0.45,90.3,1.72,141.98
5.86,7.75,0.57,112.12,1.94,143.71
6.24,7.86,0.6,116.23,1.85,143.12
7.28,7.74,0.7,135.2,1.91,143.01
5.85,7.93,0.56,110.97,1.67,144.77
6.04,7.82,0.58,114.12,1.81,143.32
5.81,7.88,0.55,111.23,1.92,145.55
4.97,7.84,0.47,97.5,1.82,145.62
4.27,7.83,0.41,83.76,1.63,145.72
4.21,7.8,0.4,83.8,1.58,145.83
4.72,7.8,0.45,92.47,1.62,146.33
4.59,8.02,0.43,90.81,1.55,148.77
6.12,8.04,0.57,115.23,1.84,147.59
4.93,7.76,0.46,94.94,1.44,141.7
6.53,8.04,0.61,121.35,1.96,146.45
6.77,8.1,0.62,126.52,2.18,148.45
7.62,8.05,0.7,143.15,2.37,149.77
6.35,7.94,0.59,121.38,1.93,148.3
5.12,7.89,0.47,99.73,1.48,146.74
3.28,8.01,0.3,67.2,1.14,148.38
5.49,7.94,0.5,106.65,1.67,147.97
6.12,7.89,0.55,117.06,1.76,147.8
5.49,7.89,0.5,107.84,1.62,148.68
4.84,8.01,0.44,96.05,1.61,150.08
3.5,8.1,0.32,71.67,1.33,151.39
5.75,8.24,0.52,111.91,2.05,153.45
3.52,8.1,0.32,70.28,1.34,149.89
6.28,8.2,0.56,120.03,2.18,152.79
7.89,8.41,0.71,145.86,2.38,153.8
6.24,8.22,0.56,118.96,2.02,150.98
5.16,8.2,0.46,99.6,1.69,152.41
7.68,8.37,0.69,143.63,2.05,154.41
5.88,8.31,0.52,113.88,1.88,154.02
6.62,8.29,0.59,125.04,1.98,152.88
6.16,8.2,0.55,117.41,1.55,151.57
8.4,8.49,0.74,154.98,2.2,155.68
7.81,8.51,0.7,145.74,2.14,157.03
4.48,8.25,0.4,89.85,1.51,153.99
7.89,8.44,0.7,146.48,2.26,155.05
7.23,8.4,0.64,136.96,2.05,155.9
7.17,8.4,0.63,136.29,2,155.65
4.51,8.45,0.4,90.58,1.59,157.43
3.39,8.48,0.3,69.86,1.33,157.86
4.49,8.53,0.39,88.97,1.52,157.58
4.86,8.39,0.43,96.26,1.52,155.14
3.57,8.26,0.31,74.2,1.3,155.09
3.41,8.34,0.3,70.9,1.3,155.43
3.05,8.35,0.27,64.29,1.3,156.64
3.2,8.37,0.28,67.55,1.36,158.21
3.39,8.6,0.3,70.72,-999,162.36
7.25,8.74,0.63,138.41,2.51,162.16
6.97,8.69,0.61,131.62,2.35,159.74
5.58,8.57,0.48,108.98,2.1,158.78
6.08,8.34,0.53,117.45,2.26,155.4
4.76,8.55,0.41,95.12,1.96,158.67
4.57,8.6,0.4,91.13,1.75,158.87
4.49,8.42,0.39,89.93,1.67,156.98
5.18,8.43,0.45,102.41,1.97,156.85
3.45,8.46,0.3,70.96,1.44,157.33
3.8,8.46,0.33,77.66,1.44,157.26
5.77,8.45,0.5,111.95,1.8,156.41
4.76,8.38,0.41,95.66,1.66,157.38
4.05,8.39,0.35,83.13,1.55,158.66
5.5,8.58,0.48,109.23,2.02,159.69
6.86,8.58,0.6,130.3,2.23,159.12
3.75,8.57,0.33,76.58,1.5,159.26
3.34,8.62,0.29,69.04,1.42,160.24
3.73,8.54,0.33,75.93,1.52,157.89
5.88,8.59,0.52,115.05,2.16,159.62
5.98,8.7,0.52,116.42,2.24,161.34
6.62,8.69,0.58,127.18,2.46,161.01
4.37,8.46,0.38,87.55,1.75,157.41
8.19,8.38,0.72,156.95,2.88,159.17
8.02,8.64,0.7,151.72,2.83,161.13
6.95,8.65,0.61,133.51,2.48,160.98
5.32,8.58,0.47,105.23,2.08,159.98
6.37,8.52,0.56,123.51,2.31,159.04
5.53,8.56,0.48,107.8,2.04,158.25
4.45,8.58,0.39,88.57,1.74,159.06
4.73,8.48,0.41,93.84,1.85,158.38
5.78,8.44,0.51,112.31,2.08,157.45
7.37,8.5,0.65,140.76,2.48,158.98
6.59,8.52,0.58,127.38,2.34,159.51
5.66,8.49,0.5,111.41,2.15,159.62
4.95,8.39,0.44,100.06,-999,158.86
4.31,8.33,0.38,88.32,-999,158.13
4.48,8.41,0.4,91.22,1.95,158.48
5.61,8.53,0.5,109.98,2.23,158.83
4.77,8.42,0.42,96.3,-999,158.68
4.15,8.39,0.37,84.59,1.78,157.44
6.7,8.4,0.6,128.4,2.44,157.29
6.02,8.31,0.54,118.12,2.38,156.84
7.39,8.25,0.66,142.74,2.73,157.16
7.36,8.26,0.66,141.58,2.75,156.25
5.87,7.89,0.53,115.82,2.33,151.66
7.15,7.79,0.64,139.69,2.58,149.9
7.2,7.85,0.65,141.1,2.62,152.26
5.34,7.7,0.48,106.66,2.09,148.06
7.05,7.95,0.64,137.48,2.55,152.49
6.83,8.11,0.62,131.9,2.46,153.83
4.89,8.1,0.45,97.61,2,152.87
5.1,8.12,0.47,100.68,2.11,152.79
4.47,8,0.41,89.28,1.88,150.88
4.69,8.04,0.43,94.28,1.98,151.91
5.95,8.14,0.55,114.97,2.26,152.38
6.17,8.11,0.57,118.22,2.32,151.31
5.93,8.03,0.55,114.79,2.16,149.98
6.08,8.01,0.56,118.07,2.22,150.45
6.14,7.89,0.57,119.55,2.32,148.8
5.84,7.74,0.55,115.16,2.27,147.02
5.17,7.73,0.48,103.08,2.02,147.08
6.88,7.94,0.64,131.29,2.41,149.09
7.4,8.13,0.7,137.28,2.48,149.38
6.37,7.87,0.6,122.79,2.26,148.35
5.23,7.93,0.49,102.84,2.02,148.48
5.07,7.92,0.48,98.65,1.92,147.82
6.19,7.97,0.59,117.96,2.23,148.12
6.1,7.91,0.58,115.92,2.19,147.03
6.55,7.96,0.62,122.98,2.39,146.58
6.28,7.86,0.6,119.73,2.39,145.73
4.81,7.79,0.46,94.01,1.94,145.45
6.05,7.75,0.59,115.77,2.2,144.78
6.7,7.7,0.65,126.41,2.34,143.23
7.16,7.78,0.7,133.99,2.45,144.21
6.91,7.74,0.67,129.63,2.37,143.45
4.6,7.69,0.45,89.57,1.77,142.2
5.39,7.45,0.53,105.31,1.82,141.27
6.44,7.46,0.63,123.52,-999,140.58
6.66,7.14,0.66,130.38,2.21,139.03
7.11,7.16,0.71,136.85,2.4,138.1
6.28,7.21,0.62,122.85,-999,139.05
4.8,7.19,0.48,95.99,1.87,138.24
6.02,7.2,0.61,117.23,2.18,137.87
6.69,7.21,0.68,128.74,2.33,137.95
5.34,7.22,0.55,104.61,1.99,137.27
3.63,6.93,0.38,74.33,1.48,133.3
5.87,6.82,0.6,115.3,2.05,132.58
6.29,6.84,0.65,122.97,2.12,133.18
5.83,6.73,0.6,114.18,2,130.73
6.24,6.75,0.65,120.87,2.16,130.76
6.68,6.83,0.7,127.69,2.2,130.53
6.81,6.9,0.72,130.02,2.29,132.05
6.02,7.04,0.64,113.44,2.05,130.72
5.66,6.84,0.6,108.8,1.88,129.46
5.51,6.84,0.59,105.63,1.82,128.14
6.33,6.88,0.68,118.36,1.91,128.05
5.46,6.86,0.59,104.63,1.83,128.37
5.77,6.77,0.62,108.6,1.88,126.18
6.78,6.8,0.74,125.68,2.05,126.55
5.57,6.61,0.61,105.3,1.77,122.85
5.84,6.52,0.65,110.17,1.8,122.77
6.48,6.57,0.72,121.62,1.89,123.7
6.43,6.66,0.72,119.05,1.91,123.49
5.67,6.53,0.64,107.65,1.81,122.85
6.42,6.6,0.73,118.62,1.88,122.3
6.47,6.53,0.73,118.35,1.79,120.09
5.24,6.36,0.6,98.32,1.63,118.16
6.08,6.46,0.7,111.92,1.83,118.7
6.13,6.22,0.71,114.54,1.73,116.56
4.58,6.06,0.53,88.72,1.47,114.38
2.96,5.8,0.35,60.46,1.04,111.16
4.87,5.99,0.58,93.38,1.46,113.61
3.47,6,0.41,68.86,-999,114.59
5.99,6.22,0.72,109.37,1.62,113.64
6.18,6.21,0.74,113.12,1.63,114.36
6.07,6.14,0.73,111.37,1.65,113.23
6.18,6.19,0.76,111.69,1.63,112.47
6.15,6.15,0.76,110.7,1.68,111.25
6.03,6.07,0.75,109.16,-999,110.48
6.06,6.08,0.76,108.82,1.66,109.84
6.02,6.02,0.76,108.74,1.72,109.3
5.78,5.81,0.73,106.48,1.65,107.63
5.62,5.81,0.72,102.23,1.53,105.93
3.7,5.67,0.48,70.89,1.16,105.24
5.22,5.64,0.68,95.02,1.32,102.45
5.74,5.78,0.75,103.61,1.39,105.07
5.51,5.63,0.73,99.41,1.29,102.27
4.97,5.48,0.66,91.3,1.27,100.13
5.25,5.36,0.7,95.42,1.25,97.9
5.24,5.37,0.7,95.2,1.22,98.12
4.79,5.35,0.65,88.2,1.22,98.26
4.85,5.22,0.66,89.7,1.25,96.64
5.24,5.32,0.72,95.93,1.22,98.09
5.27,5.26,0.73,96.2,1.2,96.84
5.13,5.16,0.72,94.63,1.18,96
5.22,5.2,0.73,94.73,1.16,95.37
5.3,5.28,0.75,95.37,1.16,95.91
5.16,5.14,0.74,93.67,1.13,94.12
5.17,5.32,0.74,90.36,1.14,93.63
5.22,5.24,0.76,92.43,1.14,93.7
5.12,5.11,0.75,91.28,1.09,91.88
2.42,4.86,0.36,46.61,0.72,89.2
4.99,5.01,0.74,89.3,1.05,90.52
4.81,4.82,0.73,86.64,0.98,87.59
4.49,4.94,0.68,81.25,0.96,89.48
5.01,5,0.77,88.17,0.95,88.88
4.87,4.85,0.75,86.77,0.95,87.29
4.37,4.67,0.68,78.35,0.88,84.51
4.65,4.68,0.73,82.23,0.93,83.72
4.53,4.64,0.71,80.42,0.93,83.24
4.42,4.54,0.7,79.8,0.89,82.62
3.45,4.42,0.55,64.13,0.77,81.06
3.96,4.41,0.64,72.52,0.81,80.62
4.06,4.32,0.66,73.98,0.8,79.19
4.38,4.35,0.72,79.09,0.84,79.67
3.4,4.26,0.56,62.88,-999,77.66
3.49,4.31,0.58,63.19,0.73,77.47
3.59,4.2,0.6,66.01,0.77,76.95
3.54,4.1,0.6,65.19,0.76,75.28
4,4.09,0.68,73.49,0.76,76.1
3.71,4.08,0.63,68.67,0.72,75.99
3.61,4.08,0.62,65.91,0.66,74.86
4.16,4.17,0.73,74.45,0.72,75.66
3.4,3.95,0.59,63.17,0.67,73.53
2.08,3.73,0.37,40.84,0.51,70.82
2.25,3.8,0.4,42.85,0.48,70
3.01,3.76,0.54,55.98,0.52,69.47
3.72,3.81,0.67,68.11,0.66,70.78
3.85,3.87,0.7,70.22,0.69,71.81
3.87,3.86,0.7,69.85,0.65,70.8
3.29,3.88,0.6,59.93,0.56,70.71
3.77,3.88,0.7,67.5,0.6,70.49
2.24,3.53,0.41,41.91,0.41,65.12
0.85,3.62,0.16,17.47,0.2,67.65
3.03,3.76,0.57,54.71,0.42,68.45
2.85,3.57,0.54,53,0.51,65.95
3.51,3.63,0.66,64.46,0.59,67.47
3.09,3.64,0.59,56.96,0.55,67.23
1.42,3.54,0.27,27.84,0.33,66.55
1.06,3.44,0.2,21.66,0.24,65.1
3.43,3.62,0.66,63.38,0.53,67.62
2.22,3.56,0.43,41.98,0.42,66.99
1.14,3.38,0.22,23.09,0.28,64.22
1.69,3.55,0.33,32.95,0.4,67.06
3.42,3.63,0.67,62.51,0.57,67.15
2.9,3.66,0.57,52.59,0.52,66.07
3.19,3.52,0.62,57.62,0.52,63.94
3.33,3.45,0.66,61.77,0.53,64.9
2.57,3.46,0.51,48.9,0.48,65.12
2.88,3.45,0.57,54.47,0.53,65.21
3.53,3.63,0.7,63.55,0.55,66.41
3.67,3.65,0.73,65.33,0.51,66.05
3.71,3.78,0.73,64.09,0.51,66.18
2.68,3.56,0.53,48.48,0.39,63.85
3.59,3.57,0.71,63.88,0.44,64.55
3.5,3.6,0.7,62.02,0.48,64.57
2.77,3.56,0.55,49.29,0.42,62.48
1.71,3.45,0.34,33.01,0.34,64.16
0.77,3.36,0.16,15.38,0.16,62.82
2.83,3.54,0.56,51.73,0.41,64.82
2.85,3.47,0.56,52.09,0.41,63.87
2.24,3.46,0.45,41.93,0.33,63.57
3.49,3.57,0.69,62.41,0.41,64.84
3.5,3.56,0.69,62.28,0.46,64.41
2.8,3.44,0.55,51.09,0.44,63
1.52,3.47,0.3,29.73,0.28,64.75
3.53,3.58,0.7,63.77,0.44,65.6
3.5,3.6,0.69,62.7,0.47,65.35
3.5,3.61,0.68,63.23,0.48,66.02
3.34,3.62,0.65,60.5,0.47,66.01
3.41,3.62,0.66,60.99,0.49,65.2
3.58,3.68,0.69,63.6,0.52,66.25
3.91,3.89,0.75,68.05,0.57,68.71
3.81,3.88,0.73,66.04,0.55,67.95
2.98,3.69,0.57,54.18,0.47,66.39
2.75,3.65,0.52,51.19,0.41,67.4
3.86,3.84,0.73,68.22,0.45,68.85
3.56,3.76,0.67,64.34,0.48,68.62
3.68,3.78,0.69,66.09,0.49,68.48
3.69,3.76,0.69,66.3,0.49,68.44
3.28,3.83,0.61,59.12,0.46,69.01
3.46,3.87,0.63,61.18,0.48,68.58
2.49,3.82,0.45,45.57,0.4,68.95
3.53,3.94,0.64,63.48,0.49,71.4
4.02,4.05,0.73,71.15,0.61,72.63
3.09,4.07,0.55,56.14,0.59,72.82
1.72,3.87,0.3,33.72,0.41,71.71
2.27,3.86,0.4,43.59,0.49,72.33
3.71,3.97,0.65,69.43,0.65,74.84
3.39,4.04,0.59,62.49,0.62,73.89
2.59,4.04,0.45,48.82,0.52,74.38
2.81,4.09,0.48,52.69,0.54,74.64
2.24,4.04,0.38,43.18,0.48,75.48
4.21,4.23,0.71,75.99,0.66,77.21
4.27,4.28,0.72,76.65,0.66,77.68
4.41,4.46,0.73,78.41,0.68,80.18
4.26,4.47,0.7,76.62,0.67,80.86
4.54,4.54,0.74,80.9,0.71,81.82
4.58,4.56,0.74,81.09,0.73,81.62
2.74,4.43,0.45,51.62,0.58,80.9
4.24,4.74,0.68,75.28,0.7,84.41
4.86,4.86,0.77,84.23,0.7,85.05
4.34,4.72,0.69,78.02,0.67,84.94
4.6,4.62,0.72,83.36,0.74,84.69
4.72,4.74,0.73,85.19,0.91,86.41
4.58,4.75,0.7,82.58,0.85,86.19
1.93,4.6,0.3,37.43,0.48,83.48
2.58,4.63,0.39,49.79,0.53,85.82
5.01,5.02,0.75,88.48,0.8,89.54
4.92,4.93,0.73,87.7,0.83,88.79
4.93,4.96,0.73,87.37,0.83,88.97
4.83,5.02,0.7,85.95,0.81,89.98
5.15,5.16,0.75,90.12,0.9,91.18
5,5.04,0.72,91.42,0.99,93.05
4.82,5.02,0.69,88.27,1.02,92.48
3.61,4.99,0.51,67.66,0.88,91.57
4.48,5.2,0.63,81.84,1.02,94.45
4.16,5.24,0.58,76.13,1,94.52
4.13,5.26,0.57,76.27,1.04,95.96
4.03,5.14,0.55,75.16,0.96,94.73
4.46,5.26,0.61,82.63,0.99,96.7
4.81,5.42,0.65,87.57,1.05,98.74
5.17,5.65,0.7,92.7,1.15,101.12
5.75,5.74,0.77,101.85,1.23,102.59
4.11,5.69,0.54,75.25,1.11,101.13
3.99,5.7,0.52,73.23,1.1,101.98
4.81,5.57,0.62,88.29,1.23,101.41
2.84,5.52,0.37,55.4,0.88,101.23
4.96,5.65,0.63,91.77,1.1,104.24
5.96,5.97,0.76,107.13,1.12,108.08
4.58,5.88,0.58,84.15,1.06,106.56
5.38,5.85,0.67,98.5,1.21,106.61
4.65,5.85,0.58,87.63,1.19,108.14
5.2,5.84,0.64,96.78,1.3,108.22
5.89,6.06,0.72,108.73,1.39,112.45
4.54,6.02,0.55,84.99,1.1,111.9
2.66,5.85,0.32,53.35,0.78,110.05
5.5,6.19,0.66,102.09,1.35,114.52
3.71,6.09,0.44,70.75,0.98,111.4
2.49,6.05,0.3,50.36,0.73,114.04
3.52,6.24,0.41,68.45,1.05,116.63
4.9,6.33,0.57,91.7,1.2,116.8
4.5,6.16,0.52,84.55,1.16,113.7
6.44,6.57,0.74,116.83,1.37,119.56
2.78,6.37,0.32,55.37,0.7,117.73
5.74,6.46,0.65,106.37,1.2,118.53
4.17,6.46,0.47,80.32,1.05,118.83
6.45,6.54,0.72,118.68,1.51,120.52
5.22,6.57,0.58,99.58,1.6,123.3
6.39,6.78,0.71,117.61,1.91,124.59
6.49,6.79,0.71,119.78,1.99,125.1
4.97,6.81,0.54,94.5,1.79,126.65
6.54,7.02,0.71,119.87,1.91,128.05
6.92,6.99,0.75,124.79,1.61,126.34
6.38,6.87,0.69,116.38,1.57,124.51
6.52,6.78,0.7,119.88,1.69,124.6
7.03,7.08,0.75,127.92,1.85,129.09
3.66,7.01,0.39,71.65,1.16,127.12
4.53,6.92,0.48,87.54,1.38,129.25
5.58,7.23,0.59,104.84,1.55,132.12
6.71,7.1,0.7,123.29,1.63,129.42
4.64,6.95,0.48,89.38,1.37,128.11
5.98,7.15,0.62,112.53,1.62,132.89
3.68,6.98,0.38,74.24,1.22,131.23
3.5,7.26,0.36,70.04,1.09,135.41
6.25,7.21,0.63,115.84,1.48,132.12
4.17,6.88,0.42,80.84,1.13,127.04
3.65,7.24,0.37,73.84,1.21,135.46
5.95,7.22,0.59,112.74,1.55,134.11
3.55,7.23,0.35,70.88,1.12,133.81
5.33,7.45,0.53,101.22,1.53,137.34
7.31,7.61,0.72,135.42,1.96,139.62
7.8,7.83,0.77,140.76,1.94,140.34
7.69,7.79,0.75,140.32,1.93,141.15
5.65,7.62,0.55,107.96,1.65,141.15
6.5,7.4,0.63,121.02,1.68,136.12
4.79,7.53,0.46,90.77,1.47,138.21
5.17,7.53,0.5,98.83,1.66,139.4
6.99,7.62,0.67,129.93,1.88,139.92
7.74,7.8,0.74,141.55,2.05,141.54
7.56,7.79,0.72,140.64,-999,143.54
7.5,7.84,0.71,139.55,2.13,144.2
7.14,7.83,0.68,133.96,2.22,144.55
6.65,7.85,0.62,125.77,2.21,145.32
6.78,8.04,0.64,127.48,2.27,147.83
6.25,8,0.59,118.7,2.01,147.34
3,7.97,0.28,60.54,1.2,148.02
4.3,7.84,0.4,85.72,1.52,146.37
6.95,8.1,0.65,129.7,2.19,148.23
8.05,8.15,0.75,148.94,2.42,149.49
7.59,8.1,0.7,142.55,2.34,149.99
8.1,8.3,0.75,149.45,2.48,151.48
8.31,8.36,0.77,152.36,2.55,151.86
8.36,8.43,0.77,152.7,2.62,152.54
8.02,8.46,0.73,146.43,2.62,152.42
6.34,8.34,0.58,119.98,2.19,152.32
5.22,8.13,0.48,102.05,1.88,151.04
4.4,8.12,0.4,87.16,1.68,150.41
7.36,8.41,0.66,137.72,2.34,153.9
7.94,8.29,0.72,150.34,2.35,154.86
7.46,8.21,0.67,140.11,2.21,151.52
7,8.24,0.63,133.6,2.2,153.83
7.72,8.17,0.7,146.24,2.32,152.52
7.76,8.28,0.7,146.21,2.32,153.48
5.48,8.41,0.49,106,1.94,154.84
6.66,8.31,0.59,130.09,2.38,157.94
8.33,8.62,0.74,154.86,2.62,158.2
8.35,8.55,0.74,155.73,2.48,157.15
8.31,8.55,0.74,154.26,2.49,156.42
6.65,8.47,0.59,127.13,2.25,156.16
7.54,8.41,0.67,142.38,2.27,155.62
6.9,8.44,0.61,130.92,2.14,155.3
6.64,8.45,0.59,125.63,2.12,155.23
7.82,8.59,0.69,145.7,2.52,156.7
6.87,8.44,0.61,131.98,2.42,157.28
3.83,8.44,0.34,78.38,1.57,157.7
4.45,8.39,0.39,89.95,1.79,157.37
7.33,8.5,0.65,140.23,2.49,159.02
7.51,8.36,0.66,143.15,2.45,156.01
6.5,8.31,0.57,124.07,2.15,153.87
5.15,8.11,0.45,100.32,1.75,149.6
7.76,8.42,0.68,147.66,2.54,156.91
3.38,8.47,0.3,69.26,1.43,157.84
4.77,8.43,0.41,95.47,1.84,158.77
7.36,8.44,0.64,142.27,2.4,159.55
8.48,8.81,0.74,159.21,2.67,162.54
8.86,9,0.77,162.74,2.69,162.73
8.81,8.94,0.77,161.64,2.66,161.52
8.55,8.87,0.75,157.05,-999,160.36
7.87,8.87,0.69,146.97,2.73,161.49
5.82,8.84,0.51,112.25,2.23,161.81
8.22,8.71,0.72,154.02,2.71,160.06
8.18,8.53,0.71,155.8,2.56,159.59
6.59,8.6,0.58,126.67,2.2,159.37
4.12,8.49,0.36,84.48,1.66,160.09
6.78,8.55,0.59,131.62,2.4,160.75
5.79,8.59,0.51,112.85,2.09,160.1
6.43,8.68,0.56,123.54,2.25,160.04
4.65,8.6,0.41,93.06,1.76,159.66
3.99,8.52,0.35,81.85,1.63,159.74
3.92,8.59,0.34,79.98,1.64,160.45
4.51,8.62,0.39,90.59,1.91,160.63
4,8.5,0.35,80.92,1.82,158.27
4.87,8.47,0.42,97.76,2.09,159.4
7.06,8.52,0.62,135.95,2.57,158.99
4.92,8.17,0.43,98.66,1.83,153.8
4.58,8.34,0.4,93.28,1.83,157.73
5.65,8.6,0.49,110.53,2.07,160.21
6.42,8.54,0.56,124.02,2.2,158.7
4.9,8.51,0.43,97.07,1.78,158.34
7.46,8.67,0.66,141.72,2.55,160.42
7.93,8.52,0.7,152.09,-999,160.22
8.14,8.5,0.71,156.45,2.89,160.55
8.42,8.7,0.74,157.23,2.87,159.89
8.33,8.71,0.73,154.87,2.91,158.93
7.82,8.69,0.69,147.49,2.88,160
7,8.72,0.62,132.98,2.7,160.42
8.04,8.68,0.71,151.55,2.98,160.46
7.69,8.36,0.68,148.46,2.91,158.35
7.24,8.1,0.64,142.41,2.69,156.17
8.07,8.2,0.71,156.93,2.91,157.43
7.24,8.29,0.64,141.05,2.8,158.09
6.61,8.45,0.59,128.62,2.67,159.09
7.58,8.5,0.67,145.02,2.86,159.23
7.48,8.42,0.66,143.98,2.77,158.45
7.63,8.48,0.68,145.21,2.78,158.09
7.8,8.45,0.7,148.52,2.87,157.99
7.43,8.31,0.66,142.8,2.73,156.76
6.64,8.37,0.59,127.79,2.57,156.02
5.52,8.35,0.5,107.55,2.19,155.38
4.74,8.44,0.43,93.52,1.94,155.77
5.91,8.38,0.53,113.68,2.24,155.31
5.82,8.32,0.52,112.61,2.23,154.59
7.21,8.37,0.66,136.36,2.62,154.98
6.17,8.29,0.56,119.51,2.42,154.95
6.38,8.26,0.58,123.05,2.42,154.17
5.79,8.32,0.53,111.89,2.31,154.28
6.19,8.23,0.56,119.8,2.41,154.17
6.37,8.02,0.59,125.23,2.45,153.11
7.8,7.91,0.72,151.73,2.8,152.3
6.36,8.05,0.59,123.27,2.42,151.77
4.16,8.07,0.38,84.04,1.8,151.62
4.89,8.01,0.45,97.2,1.94,150.16
4.7,7.98,0.44,93.87,1.89,149.65
4.46,7.99,0.41,88.8,1.84,149.95
7.13,8.11,0.66,135.2,2.52,150.59
7.27,7.96,0.68,137.9,2.55,148.55
7.44,8.07,0.7,140.87,2.67,150.46
7.64,8.19,0.72,142.4,2.72,150.46
7.38,8.06,0.7,138.37,2.72,149.08
7.16,7.95,0.68,134.42,2.59,146.88
7.15,7.58,0.68,138.15,2.58,144.9
6.09,7.5,0.58,118.45,2.35,143.52
7.49,7.53,0.72,145.65,2.72,145.26
7.13,7.36,0.69,139.8,2.6,142.96
5.63,7.21,0.54,111.25,2.11,139.55
5.44,7.27,0.52,106.21,2.02,138.36
6.17,7.18,0.6,119.51,2.12,136.72
5.59,6.94,0.55,107.96,1.87,130.73
6.06,6.76,0.59,115.12,1.92,126.31
5.05,6.62,0.49,97.57,1.66,124.4
6.7,6.76,0.66,129.66,2.23,130.24
6.63,7.08,0.66,129.8,2.4,137.39
4.22,7.07,0.42,85.22,1.72,135.94
5.14,7.04,0.52,100.48,1.95,133.96
5.03,7.04,0.5,99.17,1.97,133.4
6.92,7.17,0.7,130.96,2.35,134.71
6.86,7.25,0.7,129.55,2.33,135.62
7.15,7.48,0.73,132.98,2.4,137.83
7.03,7.44,0.72,131.33,2.41,137.45
5.86,7.22,0.6,112.17,2.13,135.28
6.52,7.15,0.67,123.21,2.29,133.54
6.12,6.95,0.63,117.14,2.1,131.07
6.55,6.78,0.68,124.43,1.97,128.01
6.46,6.85,0.67,122.27,2.05,128.56
6.82,6.86,0.71,129.33,2.15,129.83
6.74,6.8,0.71,125.62,2.12,126.47
3.67,5.5,0.39,68.33,1.05,97.34
3.15,5.55,0.34,61.27,0.99,101.59
5.46,6.16,0.59,99.94,1.5,110.91
4.81,6.3,0.52,89.37,1.35,113.26
4.71,5.46,0.51,82.92,1.05,94.94
5.61,5.75,0.61,98.47,1.32,100.78
5.27,5.67,0.58,93.49,1.32,99.9
5.5,5.83,0.6,97.96,-999,103.33
5.94,6.02,0.66,105.92,1.56,107.41
6.22,6.22,0.69,111.95,1.74,112.04
6.09,6.18,0.68,111.91,1.79,113.51
6.19,6.26,0.7,115.61,-999,116.74
6.38,6.38,0.72,121.63,1.95,121.45
5.16,6.41,0.59,98.82,1.7,120.49
5.55,6.35,0.63,105.12,1.73,119.02
6.27,6.38,0.72,116.84,1.87,118.51
6.37,6.41,0.73,118.02,1.87,118.45
6.1,6.2,0.71,113.19,1.77,114.72
5.15,6.16,0.6,97.52,1.68,114.59
4.24,6.18,0.5,81.68,1.44,115.16
3.93,6.19,0.47,75.96,1.34,115.2
5.56,6.08,0.66,103.99,1.66,112.83
5.47,6.05,0.66,102.3,1.62,112.26
5.95,5.99,0.72,109.69,-999,110.39
5.71,5.81,0.7,105.05,-999,106.85
5.79,5.94,0.71,106.3,1.55,108.84
5.62,5.89,0.7,102.72,1.52,107.14
5.13,5.71,0.64,94.46,1.43,104.09
5.38,5.56,0.68,99.43,1.37,102.39
3.7,5.2,0.47,70.29,1.05,96.12
4.73,5.46,0.6,89.16,1.34,101.55
3.92,5.46,0.5,74.06,1.2,101.12
4.25,5.17,0.55,80.16,1.27,96.1
4.41,5.32,0.58,84.68,1.28,100.88
4.7,5.39,0.62,89.59,1.3,101.83
5.49,5.48,0.73,102.16,1.37,102.16
5.5,5.49,0.73,101.16,1.37,101
5.32,5.42,0.71,97.83,1.34,99.66
4.56,5.28,0.62,85.28,1.27,98.25
4.92,5.33,0.67,88.77,1.33,95.91
4.68,4.95,0.64,85,1.15,89.62
4.72,5.03,0.66,87.64,1.2,93.19
3.88,4.98,0.54,73.22,1.09,92.48
3.35,5,0.47,64.4,0.97,93.52
2.62,5,0.37,50.37,0.8,92.5
2.47,4.96,0.35,48.48,0.77,92.4
2.59,4.82,0.38,50.24,0.77,90.07
2.76,4.79,0.4,53.89,0.82,89.74
3.35,4.79,0.49,64.79,0.93,90.19
4.72,5.03,0.7,85.41,0.98,91.2
5.02,5.02,0.75,91.31,0.95,91.56
4.87,4.88,0.73,88.59,1,88.95
4.78,4.87,0.72,86.26,0.99,88.09
4.73,4.8,0.72,84.73,0.97,86.34
3.64,4.66,0.55,67.11,0.88,85.09
4.44,4.54,0.69,81.67,0.96,84.02
4.33,4.58,0.68,79.23,0.94,83.91
4.02,4.51,0.63,73.39,0.91,82.23
4.46,4.51,0.7,79.84,0.91,81.27
2.82,4.44,0.45,52.25,0.74,80.23
2.6,4.25,0.42,49.43,0.68,78.74
3.79,4.39,0.62,70.81,0.8,81.67
3.07,4.32,0.5,56.96,0.65,79.94
4.21,4.44,0.7,76.1,0.78,80.62
4.4,4.37,0.73,79.04,0.74,79.12
4.37,4.34,0.73,78.5,0.8,78.59
4.23,4.24,0.71,76.98,0.77,77.74
4.16,4.17,0.7,75.88,0.76,76.69
4.09,4.18,0.7,75.8,0.77,77.88
4.25,4.22,0.73,76.37,0.77,76.49
4.27,4.25,0.74,76.66,0.78,76.8
3.94,4.11,0.69,72.02,0.74,75.42
3.5,4.04,0.62,65.14,0.73,75.02
3.44,4,0.61,64.45,0.77,74.91
3.77,3.99,0.67,67.7,0.76,72.19
3.34,3.95,0.6,59.72,0.69,70.88
2.95,3.86,0.53,53.48,0.63,69.87
2.99,3.85,0.55,55.63,0.62,71.03
3.56,3.79,0.65,65.37,0.6,70.04
3.19,3.77,0.59,58.49,0.55,69.3
3.39,3.79,0.62,61.01,0.54,68.43
4.06,4.04,0.76,71.45,0.61,71.64
4,3.97,0.75,70.48,0.67,70.66
3.79,3.86,0.71,66.77,-999,68.77
3.94,3.9,0.74,69.02,0.62,69.09
3.9,3.89,0.74,67.49,0.59,68.02
3.82,3.85,0.73,66.84,0.59,67.95
3.88,3.87,0.74,68.53,0.59,68.95
3.86,3.83,0.74,67.68,0.59,67.94
3.47,3.76,0.67,60.71,0.55,66.23
3.78,3.78,0.73,65.65,0.55,66.34
1.22,3.61,0.23,23.59,0.27,64.61
2.78,3.52,0.54,49.79,0.48,63.11
2.76,3.54,0.54,50.56,0.48,64.9
2.13,3.45,0.42,39.88,0.4,62.9
3.04,3.53,0.6,55.31,0.46,64.45
1.84,3.42,0.37,35.63,0.37,64.55
3.46,3.53,0.69,61.56,0.49,63.48
2.96,3.57,0.59,53.81,0.47,65.3
3.63,3.61,0.72,65.42,0.56,65.84
3.68,3.65,0.73,65.33,0.57,65.58
2.16,3.45,0.43,40.57,0.45,63.75
3.62,3.6,0.72,65.06,0.52,65.34
3.59,3.64,0.71,63.81,-999,65.28
3.66,3.64,0.73,64.68,0.56,64.93
3.73,3.71,0.74,64.7,0.56,65.06
3.08,3.57,0.61,54.57,0.48,63.41
2.11,3.53,0.42,38.34,0.36,61.66
1.34,3.44,0.27,25.99,0.27,63.05
3.61,3.58,0.72,64.93,0.51,65.1
3.15,3.49,0.62,58.3,0.52,64.84
1.79,3.48,0.35,33.74,0.37,64.06
3.24,3.51,0.64,59.2,0.49,64.73
3.41,3.53,0.67,61.96,0.46,64.97
3.71,3.71,0.73,65.34,0.48,65.92
3.05,3.55,0.59,55.11,0.48,64.7
3.7,3.68,0.72,66.15,0.48,66.44
3.51,3.63,0.68,62.59,0.47,65.27
3.05,3.45,0.59,57.02,0.45,64.8
2.84,3.55,0.55,52.39,0.43,65.27
2.53,3.71,0.48,46.24,0.43,66.52
2.44,3.66,0.47,44.49,0.44,65.78
2.8,3.63,0.53,50.48,0.48,64.74
3.32,3.72,0.63,59.9,0.53,66.95
3.4,3.79,0.64,60.67,0.52,67.83
3.68,3.83,0.7,65.58,0.56,68.71
3.91,3.88,0.73,69.3,0.54,69.46
3.77,3.87,0.7,66.46,0.52,68.71
3.73,3.85,0.69,66.56,0.54,69.1
4.02,4,0.73,70.54,0.59,70.73
4.08,4.06,0.74,72.01,0.58,72.22
4,3.99,0.73,71.23,0.59,71.63
3.98,3.98,0.72,71.83,0.6,72.38
3.01,3.96,0.54,54.58,0.52,71.36
2.25,3.84,0.4,42.85,0.42,71.44
2.18,3.82,0.38,42.33,0.41,72.28
3.97,3.96,0.7,73.87,0.59,74.44
3.19,4.06,0.55,58.7,0.56,74.65
2.02,3.97,0.35,38.26,0.39,72.73
3.67,4.09,0.63,67.05,0.57,74.78
3,4.18,0.51,54.79,0.52,75.54
4.15,4.28,0.7,74.3,0.62,77.09
4.07,4.17,0.69,74.79,0.7,77.29
3.93,4.11,0.66,71.28,0.76,74.95
3.23,4.34,0.53,60.59,0.68,80.54
4.38,4.4,0.72,80.28,0.77,81.16
3.42,4.35,0.55,63.28,0.77,79.99
2.03,4.06,0.33,39.42,0.55,75.44
3.36,4.35,0.54,63.92,0.84,82.21
2.86,4.53,0.45,53.96,0.74,84.09
4.29,4.62,0.68,77.89,0.94,83.91
4.79,4.79,0.75,85.34,0.85,85.7
4.51,4.8,0.7,80.13,0.8,85.28
3.79,4.78,0.59,68.3,0.7,84.66
2.88,4.73,0.44,54.16,0.62,85.91
2.01,4.53,0.3,39.09,0.52,82.08
4.17,4.61,0.62,77.23,0.85,85.35
4.02,4.7,0.6,73.54,0.84,85.78
4.41,4.94,0.65,81.35,1.02,90.88
3.23,4.8,0.48,60.29,0.8,88.27
4.46,5.01,0.65,81.9,0.97,92.25
3.32,4.85,0.48,63.59,0.84,91.12
4.29,5.07,0.62,79.31,0.93,93.47
5.17,5.23,0.73,93.23,1.08,94.45
5.43,5.42,0.77,97.59,1.22,97.69
5.33,5.32,0.74,96.54,1.22,96.66
4.95,5.48,0.69,89.27,1.22,98.45
5.57,5.62,0.77,98.76,-999,99.93
5.7,5.68,0.77,100.32,1.14,100.29
5.68,5.67,0.77,100.26,1.15,100.23
5.3,5.49,0.71,95.58,1.16,98.87
5.67,5.69,0.75,99.91,1.16,100.41
5.78,5.78,0.77,101.9,1.18,101.99
5.62,5.67,0.73,101.07,1.14,101.98
5.8,5.82,0.75,101.49,1.02,101.91
6.01,6.01,0.77,106.3,1.07,106.41
6.01,6.02,0.77,105.63,1.16,105.77
2.87,5.55,0.37,56.65,0.88,102.79
5.8,5.84,0.73,106.12,1.28,106.76
6.03,6.04,0.76,108.9,1.52,108.95
5.76,6.07,0.72,105.29,1.52,110.62
2.75,5.88,0.34,53.65,0.98,107.53
5.38,6.07,0.66,98.73,1.55,110.54
5.91,6.2,0.72,107.82,1.57,112.95
5.27,6.18,0.63,97.63,1.48,113.46
5.72,6.21,0.69,104.8,1.4,113.17
5.74,6.15,0.68,104.71,1.22,111.9
5.04,6.09,0.59,92.6,1.16,110.47
4.37,6.07,0.52,80.28,1.15,109.34
3.75,6.29,0.44,71.91,1.09,116.04
5.94,6.48,0.69,107.83,1.43,117.26
6.25,6.5,0.72,113.04,1.66,117.28
6.35,6.57,0.73,116.34,1.8,119.8
6.25,6.51,0.71,117.62,1.84,121.86
6.33,6.63,0.71,116.97,1.88,121.69
6.55,6.69,0.73,118.3,1.73,120.33
6.66,6.73,0.74,121.41,1.52,122.11
5.83,6.57,0.65,107.38,1.38,119.63
6.85,6.95,0.75,123.27,1.45,124.61
4.05,6.56,0.45,77.41,1.09,119.75
6.23,6.85,0.68,115.02,1.47,125.17
7.09,7.1,0.77,128.1,1.55,127.73
7.14,7.15,0.77,127.88,1.67,127.45
6.73,7.17,0.72,121.67,1.77,128.56
6.13,7.11,0.65,112.48,1.69,128.54
7.21,7.33,0.77,128.99,1.66,130.45